athlete_id,athlete_uid,anon_id,playing_level
ATHLETE_0001,e2fbb235-2e9e-43e1-9f01-c07a09ef569c,P-486F80E0,College
ATHLETE_0002,7d871165-426e-4278-aabb-48c2b613d2dd,P-87BA4F44,College
ATHLETE_0003,7f13a3ee-1114-47a0-97bd-15030a2c38c4,P-88B04BF6,College
ATHLETE_0004,7a1022d7-3af0-47f3-a4d4-d8b010a36521,P-0B820805,College
ATHLETE_0005,b317d078-9624-4e86-a68d-e39d43ebd990,P-0CF5992C,College
ATHLETE_0006,749913c7-ed31-4de9-92a9-ba22ad4f02e8,P-52DBEF80,College
ATHLETE_0007,6fd1e40e-139b-4778-8b7f-805de73c4cd7,P-C6E5BBA6,College
ATHLETE_0008,85bc7520-a253-4f12-b1e9-345a8a82bbae,P-6786B32C,College
ATHLETE_0009,eee4be93-7658-4a8a-85ef-9dc8c80a0fe9,P-186342A6,College
ATHLETE_0010,fb1c936a-98d4-498e-90e1-2d7dc6ca8aa5,P-86BD4D8B,College
ATHLETE_0011,367fa660-b249-4e30-a569-af26bb2474d9,P-04E536F8,College
ATHLETE_0012,dbcbe7c4-c313-410a-ac5d-9f50947d29ff,P-3FDCC715,College
ATHLETE_0013,454a4b07-a725-47a9-a396-b9b8377755da,P-F7FCA54C,College
ATHLETE_0014,74820c97-bef1-45ff-b74b-88cc8b44c28c,P-1E78200A,College
ATHLETE_0015,a07c720f-ef87-48d8-9076-b133b00f5c45,P-89E55738,College
ATHLETE_0016,4cb1e703-cec0-4d5b-b376-67b4f55e5480,P-456FD6C2,College
ATHLETE_0017,9cbbc585-b4b9-45de-bae8-ef4aa1faa464,P-078B4753,College
ATHLETE_0018,bd171582-042c-4f40-9d40-87d7747e9eb0,P-6973F0A1,College
ATHLETE_0019,03b97616-e8c6-4041-8fbe-0a92f1bcf6ee,P-C44E3342,College
ATHLETE_0020,69163ea4-6fb3-419d-8cf9-fcbf50166381,P-E7942F57,College
ATHLETE_0021,b9782032-5297-49f3-b8b5-6f72f5076ee9,P-5BA7E99A,College
ATHLETE_0022,d764a59e-50d8-44a4-a789-11063a0ac742,P-6FDA551B,College
ATHLETE_0023,6d0aa70a-8e60-494a-a89b-90235b417be0,P-78F3096D,College
ATHLETE_0024,678a02b5-6f57-4ae9-b6b9-f6e2a89109c8,P-70DA4C64,College
ATHLETE_0025,9cb0fcae-7717-4b3e-b84c-8eb78a50b647,P-F4CF0272,College
ATHLETE_0026,8b46b19d-e0b4-44f2-8b24-e62fa0b1161c,P-41B81702,College
ATHLETE_0027,3a0315d9-8fc3-4389-b396-e79204ab74b9,P-623C153C,College
ATHLETE_0028,5c48e61e-946c-4699-a184-bc226639d9c7,P-E0C16D66,College
ATHLETE_0029,540e4e89-51bc-4d11-9c47-cc220507e3c3,P-93370D4F,College
ATHLETE_0030,2ebec835-2245-4a9c-a82c-f39e2bf76795,P-404A5717,College
ATHLETE_0031,79bc1f99-b653-48aa-a698-308908dcbf1e,P-9D0412FA,College
ATHLETE_0032,86e2a7a9-3392-4a49-8d1f-30a71c7fd288,P-F257ED7B,College
ATHLETE_0033,db4ba4a5-8579-4ebf-bd2a-dab783d30184,P-639381F3,College
ATHLETE_0034,8f5291fb-869f-4460-bd67-49224d7f0aff,P-68CD5BCD,College
ATHLETE_0035,a4a5f303-b725-408b-9d95-21d1c3c8f65d,P-463FDDF6,College
ATHLETE_0036,9446e1c4-9f45-4818-89d8-d1424cc3c5de,P-441275FD,College
ATHLETE_0037,7c4e568b-717d-4c48-9dae-3e642139386c,P-F755F8B1,College
ATHLETE_0038,aacd7d33-24c9-43de-a488-d5af669ca279,P-F33009F1,College
ATHLETE_0039,c1787421-dc4d-4980-a64a-119ecd26d49a,P-3260F6AD,College
ATHLETE_0040,f48a6e85-95dc-4737-931d-296867fe0fec,P-9F9A1670,College
ATHLETE_0041,a1bcd1fb-ff87-4719-98ef-4a87765a891b,P-D9B46E80,College
ATHLETE_0042,cf50cb73-996c-4a79-ab4f-c133d7a0737d,P-131B01C5,College
ATHLETE_0043,f40be71f-fc08-46b2-a1fb-1bfa7796bb5c,P-AD3EA7C3,College
ATHLETE_0044,f7790043-8cdc-4141-9d68-0b18674a6259,P-6C1779F4,College
ATHLETE_0045,3db22afb-f8f0-434e-94bc-2b7cecb18736,P-C2BEFB77,College
ATHLETE_0046,5f6c6299-7aea-42a1-88d0-92b6271b7904,P-AE20A307,College
ATHLETE_0047,914b1e1b-6fc5-4941-8191-02217d777d98,P-90DFE0C8,College
ATHLETE_0048,17ddae77-d934-438e-accc-83b19aceb378,P-47442A16,College
ATHLETE_0049,15f8be87-de5e-4e0f-af17-ff35062e4eea,P-0F57AF04,College
ATHLETE_0050,d52520f2-da23-4c70-bded-8ba17706169e,P-322FEB18,College
ATHLETE_0051,1921179e-9a4e-45bf-a697-ee94c0ade229,P-CFE18339,College
ATHLETE_0052,977349e3-ef5c-4a4e-9af6-1769d0087604,P-B14C4ED0,College
ATHLETE_0053,2e0c93ea-d8d1-45a5-9dea-cc7ee1af455e,P-57939F8B,College
ATHLETE_0054,a6183ddd-0555-4694-85b7-c7c20d81d0b8,P-95A7F7BA,College
ATHLETE_0055,fcdeb6cc-eedb-49dc-8fc6-fc481546ed80,P-23A82CA8,College
ATHLETE_0056,84db729a-b4d2-4db4-aa50-e387f1b18957,P-DB515E50,College
ATHLETE_0057,cb8584de-3e71-49a2-bddd-07bdf43f7180,P-2BC7E092,College
ATHLETE_0058,ffa444b1-bc3d-4b69-ad4c-e4706a10d13d,P-681700B5,College
ATHLETE_0059,68e06334-edee-4a57-bb43-0b03b610c05d,P-FD0D03CB,College
ATHLETE_0060,d307dbfa-52f6-4f91-8b1a-bb6fed426a10,P-06B5E486,College
ATHLETE_0061,2849a026-ccb5-41a5-998a-287240175062,P-22335E38,College
ATHLETE_0062,f3cb4084-7fe6-42e2-9aae-fcc135416204,P-1AF314C9,College
ATHLETE_0063,5c273df0-27e1-44de-a77d-6ffb15bc9e0e,P-ACFDAA1D,College
ATHLETE_0064,d1c9ad85-fc08-4c24-8993-6dd94dc663c8,P-15B962EE,College
ATHLETE_0065,1c052092-f1aa-48bf-9f8f-7790cc9cfec5,P-846B89E9,College
ATHLETE_0066,7845b762-4cb8-426b-ad8c-7879afa1dc48,P-4F11AF74,College
ATHLETE_0067,30667a5e-5b48-4398-abbc-57e0b94a1b46,P-6066D187,College
ATHLETE_0068,676bcad7-4b2e-4f81-8e31-aa37b6d6d787,P-B5A8E80C,College
ATHLETE_0069,b06c2139-3da9-4e54-a268-9960bed3c764,P-9E938071,College
ATHLETE_0070,21583cbb-0b7f-4308-b1a4-59c84a268dd7,P-C93D1164,College
ATHLETE_0071,9d523124-2701-49d0-835c-0e319e8e2dae,P-BA21BABD,College
ATHLETE_0072,b7b2f369-d440-4ffe-80d7-3def62c971d7,P-05DA6CE6,College
ATHLETE_0073,ee641147-d00a-4dc3-8900-0cc49fe6276d,P-C32794AC,College
ATHLETE_0074,19ad815d-e363-4db3-b0b2-afda3a366b40,P-6A1761BE,College
ATHLETE_0075,24c900e8-50a2-48f8-8bb3-7a98486cff37,P-85E8226D,College
ATHLETE_0076,dc7adf99-d591-458c-91b9-1f1d99c07263,P-0A75FBB9,College
ATHLETE_0077,39ba2241-f42f-4c1b-9250-57deeabf2b26,P-A3938857,College
ATHLETE_0078,7abb04ba-d16e-40f4-9886-b8655e02be94,P-221EF5EF,College
ATHLETE_0079,df9af48e-d659-4053-8179-4e095b0f0fcb,P-43D8B28E,College
ATHLETE_0080,098076df-dbac-4188-a150-9ea90f6fb41d,P-0FDF6B40,College
ATHLETE_0081,3a1510cc-be4d-4c13-aa61-c34ecefcf58c,P-A49E3BE5,College
ATHLETE_0082,96a61ff7-318d-4149-8ad3-fed5acf1e060,P-4FE317D4,College
ATHLETE_0083,3cb94054-ca00-42c4-ae6c-807616ffb851,P-843E06DF,College
ATHLETE_0084,5b4013d9-73a0-4193-9779-8ac8b4271e61,P-17ADC2C9,College
ATHLETE_0085,a68e16ee-9583-4e43-a240-a2be3cb9feb9,P-32032106,College
ATHLETE_0086,ca4a9cf4-49d6-43cf-a08a-422a1e95b2e7,P-D845542D,College
ATHLETE_0087,80979d72-a264-4fa7-bc1e-df683f0a91cc,P-BC4FB135,College
ATHLETE_0088,cad3b788-08cf-4c29-926d-a001670a6c30,P-5FB02078,College
ATHLETE_0089,e36fd61e-b20b-40ca-9417-93f5b5d89a0a,P-AA3BDCCD,College
ATHLETE_0090,8dd52b81-007c-421f-b96c-ca61c8395ad2,P-ABE97C45,College
ATHLETE_0091,b225a9d9-5dd4-47a1-82a8-a893cf22672f,P-AC6B3F92,College
ATHLETE_0092,babcba2c-70da-4842-89da-befafa3884a9,P-6C6D41B0,College
ATHLETE_0093,c33400cd-a0fa-4cff-8bf8-1d69161d99b5,P-28DA7425,College
ATHLETE_0094,0468cc13-4cce-4360-a8af-cb1afba8e280,P-80E15B27,College
ATHLETE_0095,ebe1a30e-5612-4193-9ef5-42298499de6e,P-2A35B329,College
ATHLETE_0096,fad6a73a-d461-4cf4-a74e-fd310002ac24,P-4FB0DD2F,College
ATHLETE_0097,7a05f478-d6ea-426d-b056-e79ce3bdef2a,P-3E8EABA6,College
ATHLETE_0098,8f08d683-49ed-4bfe-84ee-959b6f68badf,P-3853979C,College
ATHLETE_0099,fb586199-e0fd-4459-bb63-2cbd4f5a4d78,P-E85C5539,College
ATHLETE_0100,ae00dacc-979e-4563-94f4-4f906505d912,P-616A2EB1,College
ATHLETE_0101,3a6bea7a-62fa-4f88-bf6b-9b1787ca365e,P-B6FA6AAC,College
ATHLETE_0102,5c22bb1c-6c02-4fbd-b519-37bce5761801,P-98B1093A,College
ATHLETE_0103,0f804358-6073-4080-8366-a9c7e7651d8c,P-687DADE4,College
ATHLETE_0104,2ceeb5ed-24b3-4325-9e99-6c336b5e1f1f,P-6AE2DBB7,College
ATHLETE_0105,7d13191e-3a2a-4fd6-9ab8-60f6172de77c,P-2A9781BB,College
ATHLETE_0106,9e8e707e-ddb4-44c8-ad67-e3761e6f072a,P-9B71D4CE,College
ATHLETE_0107,fdb1dd7c-8715-40e2-8044-87017be8eff5,P-0CE6B681,College
ATHLETE_0108,a5843cf8-d7bb-4cff-aa14-deef40c70089,P-0F54A230,College
ATHLETE_0109,cccd158a-37ac-489b-b6e9-b35eedb13cf4,P-B101B88E,College
ATHLETE_0110,59b95e48-9c37-4d32-9ec1-437ea3aa9fa9,P-2453F1AB,College
ATHLETE_0111,988dfe28-bcb2-456e-9511-1b1181a7506c,P-67AB22C6,College
ATHLETE_0112,c8fdcfb2-18dc-46b1-bed4-f2699c29a78d,P-82AE0426,College
ATHLETE_0113,f1610ff0-4c3d-48c0-b060-4b264b4a3676,P-3903D8DE,College
ATHLETE_0114,b557334d-0076-495e-8c77-bcdcbdea42bb,P-8278EF77,College
ATHLETE_0115,8ffe9e10-b89c-400b-bc7d-1a77dd24322d,P-FC1CC72F,College
ATHLETE_0116,30001a5c-b2d4-4653-8d38-308779f028e8,P-EF60FA2B,College
ATHLETE_0117,61bf1db5-9408-431b-9529-71c6a62925ea,P-490AB1CF,College
ATHLETE_0118,a10b2ff0-5b6d-4b72-97cd-22f12ba70ba2,P-CE71903F,College
ATHLETE_0119,c2e809f2-99aa-4b11-9910-ada444d5c95d,P-10A83E88,College
ATHLETE_0120,35875d31-a7dd-4f90-a43e-4c1bc0d8a18c,P-F9FFD1A6,College
ATHLETE_0121,6dc23a11-4b98-41f4-8d7b-9dc547cefa28,P-BF81F013,College
ATHLETE_0122,d047f752-577f-4ad5-80a1-6a58862df0f6,P-DF955A90,College
ATHLETE_0123,8256fb34-5f3f-4352-9719-8b60447d7a31,P-74A02057,College
ATHLETE_0124,43d9ff77-6248-443f-a8d3-716d3fdced31,P-764D823E,College
ATHLETE_0125,0fa40f47-48b6-4bd5-9895-0b37350bd159,P-41C6909A,College
ATHLETE_0126,b89b7d02-2d3f-45c8-bb6f-e10d29911251,P-2CB270F7,College
ATHLETE_0127,a24f33fa-2a6c-4289-bb99-1119c4ec503c,P-B50F9D07,College
ATHLETE_0128,4859416e-9b97-4c74-8bf9-aa103adb7708,P-3C68793E,College
ATHLETE_0129,701be724-79b2-4173-89af-c1133e38f4f2,P-50FACF14,College
ATHLETE_0130,6622722e-3039-49c1-b16d-ecc18b6553ec,P-17BBF40D,College
ATHLETE_0131,5779c278-e820-48bf-8acb-bdc5985b70ac,P-D31A5E40,College
ATHLETE_0132,461e9845-9fcc-4719-a783-13c99de8f966,P-AD8FAE67,College
ATHLETE_0133,5e625a25-ad08-4397-b350-db278305d764,P-B728EF7B,College
ATHLETE_0134,8dee95ab-5cb2-492d-b73a-96bba3139d58,P-E949A1CE,College
ATHLETE_0135,9d099023-a97b-45ac-9138-e9bc09afac0c,P-29BAFA0C,College
ATHLETE_0136,d7683a4e-df0c-4cfa-b6e4-dfd064a83a5b,P-5DDA7752,College
ATHLETE_0137,e69f30e8-1b28-4b54-b39c-0ef326245558,P-200CC6AE,College
ATHLETE_0138,7ad5adc6-1ba0-4cfb-ab9d-61759077e0dd,P-D65E9051,College
ATHLETE_0139,6fef41a4-8304-4593-a405-c768bab66505,P-D78E80A6,College
ATHLETE_0140,c46188e9-18ad-47de-bb99-d75611f3fe4d,P-847BCFC1,College
ATHLETE_0141,ec25b053-0fc0-4cf2-a6ee-9611954e8fb0,P-908B203C,College
ATHLETE_0142,4a556589-20a5-4f37-9083-c5500740526b,P-ED22253E,College
ATHLETE_0143,5f09c319-2004-4431-8665-8e6b4ace6a59,P-A2217BEE,College
ATHLETE_0144,7a2f46d6-7d06-409a-a6c3-ff0ade36e8de,P-FCF86DFE,College
ATHLETE_0145,9f1b892d-c9f6-4ddd-9709-2f6a8596e818,P-D4CB5AE6,College
ATHLETE_0146,c526fcde-7d37-463e-a7c6-3f1e32c2832d,P-8569E172,College
ATHLETE_0147,011eceda-668a-4144-ad77-a7ebbe459488,P-A60D2CF1,College
ATHLETE_0148,7badf75f-3f40-4722-adb3-fc8d5788791a,P-87744F76,College
ATHLETE_0149,083a2f02-e6f6-4bae-adf9-7d5878087ed2,P-A846FE5A,College
ATHLETE_0150,7c834cf0-c07e-42c6-a45b-3f6f5dfcc927,P-CC9D1B18,College
ATHLETE_0151,8e25a824-e509-4808-a079-9eec0619a64c,P-046051B7,College
ATHLETE_0152,92cafd62-ae51-4da2-bf9c-0e4ebb42fdb9,P-D61ADA89,College
ATHLETE_0153,3bf2f205-d9c3-44cb-9750-7eeefeecc1c9,P-786ED6A2,College
ATHLETE_0154,8e49f31e-be7a-443e-b986-e298e713dacd,P-903909C4,College
ATHLETE_0155,6cf00ba0-a385-4642-aa90-c71e543e9a39,P-723109CD,College
ATHLETE_0156,273df7fc-4751-41f2-9b31-69268e6ede1c,P-7B96C038,College
ATHLETE_0157,a682bdc3-f93f-454a-9361-3a5db17adec3,P-402CEEF2,College
ATHLETE_0158,eb367f8f-5dd8-419e-b928-a0f8e3172b89,P-461C7EEF,College
ATHLETE_0159,96dbc0b8-10db-4284-bfd6-725247c2782f,P-F6551402,College
ATHLETE_0160,311f163d-0acb-4447-9381-d8fb5b6c8f66,P-B1F8EC63,College
ATHLETE_0161,82b0b250-94f9-4a9d-acb3-e2f2f3c006e4,P-E5DB6E67,College
ATHLETE_0162,c9e14aa1-154a-4171-bc53-bbe8e539f715,P-A8264976,College
ATHLETE_0163,e70278af-2e67-4f6e-88fd-2d2870f7c633,P-15464AE3,College
ATHLETE_0164,ea5fea05-842a-4631-8441-03a2025d164a,P-E25DCAA5,College
ATHLETE_0165,4a2b5f1b-771e-4fe3-9e78-ace2e1f16f9b,P-8676D1B9,College
ATHLETE_0166,e0e1b11d-ecd9-4dbf-916d-42e05177b6c3,P-A946A6CA,College
ATHLETE_0167,06936ab0-6941-400a-acf9-c3bc6417030c,P-FF3E7B71,College
ATHLETE_0168,31e2bad2-783a-4384-88bc-1dbb67d704cb,P-CC3C5126,College
ATHLETE_0169,55554a98-d18a-47db-9d35-99cc7e20381a,P-11D1CE33,College
ATHLETE_0170,57cf6a24-e3a4-4312-97d7-e17263e8f912,P-7A3380E7,College
ATHLETE_0171,36381ace-f59d-425c-8c76-810c93eeaf67,P-EEBB1EF0,College
ATHLETE_0172,8bb39401-e332-4baa-b244-b16474a6610a,P-015DCE83,College
ATHLETE_0173,9bc4e434-34bf-45cd-9693-94cc7a4da8f9,P-E858EE62,College
ATHLETE_0174,257d01c2-8a06-46fd-8717-8595d09b6ca8,P-8CE5AF64,College
ATHLETE_0175,51149654-fd56-41dd-b839-fe9f78c077b0,P-37C10E90,College
ATHLETE_0176,51768226-d953-4d9f-b972-1490654b29e9,P-7456A209,College
ATHLETE_0177,a6329661-9963-4d6b-9b0c-55133a6edcc7,P-E69D81F9,College
ATHLETE_0178,28b4eb12-edcc-42d7-bbf9-20082eafb0dd,P-5F34EFE6,College
ATHLETE_0179,49f4f042-fb5e-4567-8915-05c78bb0d440,P-255D6806,College
ATHLETE_0180,7f0d3438-855d-486b-8298-1008f25fecc9,P-761EE855,College
ATHLETE_0181,8d105c9d-2527-4eb6-9f58-51862439a76a,P-53496B77,College
ATHLETE_0182,e209ad98-988c-468b-b6c5-5349d114edfa,P-53931238,College
ATHLETE_0183,5ee90da1-45d2-46b9-9b60-f3dac570eab6,P-2CA0D422,College
ATHLETE_0184,e174224e-51b7-4501-ba9c-08b83ee3a55b,P-9DE4A822,College
ATHLETE_0185,61b175bc-9db4-46f4-b8e1-18599982be59,P-F07C2846,College
ATHLETE_0186,7098a145-91c4-4003-b05f-40ee6aed919c,P-312BEC35,College
ATHLETE_0187,af962980-e6c0-496f-bcf5-567b43cbeaf4,P-245E7F48,College
ATHLETE_0188,67195d27-9c9a-4ab6-b1b0-df78a9de4753,P-74A44DB5,College
ATHLETE_0189,a82cce94-ed4f-45f1-bfb6-946e5de32236,P-AE2EB6AC,College
ATHLETE_0190,b4369d17-7321-4aa8-9da8-0487e4dda5d4,P-798D98F0,College
ATHLETE_0191,e27c36d4-7283-42a5-a7c2-a7c4408a661c,P-BFE7BC55,College
ATHLETE_0192,7106a34e-6595-41bf-a656-eeaef90c3ab5,P-A36CF390,College
ATHLETE_0193,7cda3283-1527-4c0c-9e59-1e26ede1fe66,P-6557711B,College
ATHLETE_0194,7fec8b2d-e02a-482e-92dd-8a0fb346cc93,P-8756DBAC,College
ATHLETE_0195,a691cdca-4bb1-4628-9d70-80fc085e0dc1,P-A90379D4,College
ATHLETE_0196,c240af27-2925-4bf9-9eb5-352763fb9d50,P-A7D399C2,College
ATHLETE_0197,f8ad9795-c036-40e9-a224-4b4573d29b78,P-A3402317,College
ATHLETE_0198,3d385bcd-f0f7-40bb-ba0a-88a4c8083461,P-DD8AD87C,College
ATHLETE_0199,ef9a2f7a-60dd-47f5-9b40-1240376ae7b1,P-5BAB00F1,College
ATHLETE_0200,fbe816bf-9263-4874-a865-471caeb3e627,P-16B02273,College
ATHLETE_0201,02d1ac03-591e-49c5-b1c1-4b7cd2b0c8a4,P-D54F3B2A,College
ATHLETE_0202,363ecd40-8a8a-440b-bc3f-508b7beabc3e,P-5386CC38,College
ATHLETE_0203,5976f91d-9409-43f7-86be-8eba95d14b0e,P-D30A62F4,College
ATHLETE_0204,67dd640e-a908-4ffc-91f3-c5e28c2e7d28,P-6EDD92DF,College
ATHLETE_0205,2e765240-dd43-471e-bf5e-0891d4daeeae,P-F408389B,College
ATHLETE_0206,6b7e6f80-965e-4542-b92b-1891997fcbf7,P-7B680AD6,College
ATHLETE_0207,72ef2d80-04b7-47df-b2ef-b250b8c22052,P-815E2CF9,College
ATHLETE_0208,a351b685-182b-4024-aad2-a9d0b7143915,P-42BAE8C2,College
ATHLETE_0209,fc6c3268-a663-42db-a8e8-7f151492258c,P-EC74FCB4,College
ATHLETE_0210,4b999b57-0a1b-43d2-9d92-c50bc28af03d,P-E609EBCD,College
ATHLETE_0211,79a13270-9b82-4f8b-8b7b-29283fe939fd,P-8E42FE5F,College
ATHLETE_0212,95cafda3-634f-45f6-898f-fb6dfbeb6adf,P-01363FAA,College
ATHLETE_0213,b6326a6d-ff20-4023-a22e-a8d7a8f067d9,P-DB2BDF05,College
ATHLETE_0214,bee94346-3eaa-4984-966b-89b707d0b820,P-035FDB2B,College
ATHLETE_0215,bf6e3c35-f6a3-4976-ae7d-acf1449c0b0c,P-A766B9ED,College
ATHLETE_0216,e6b7c568-89ae-44ce-b705-46a02adfba54,P-1FA47FEF,College
ATHLETE_0217,749a2f1c-e148-48cb-9d66-c46f5d879728,P-7F9E800D,College
ATHLETE_0218,8b2d1880-fb9f-45f7-aa50-59b759b01d0a,P-63014D76,College
ATHLETE_0219,15bbf0f9-25c0-4464-b89f-28ac4cfb1e87,P-6E661D10,College
ATHLETE_0220,c38bad1d-03ae-412c-9239-440b6e63d6b3,P-4D3F3FDC,College
ATHLETE_0221,feaef0f1-c78c-4d2b-a28d-5c49b46c2a1f,P-DA01030A,College
ATHLETE_0222,0138761d-e9d1-4252-a332-856723f03d7a,P-A8BEF416,College
ATHLETE_0223,ccd2f03c-6ecf-498e-ba2a-432f30e26d10,P-2FD7EA8F,College
ATHLETE_0224,78ff165f-2a2d-48f9-99fe-0ffa5beed8cd,P-BAF460B9,College
ATHLETE_0225,90738806-8fe3-4a92-83a0-327c7a92109a,P-A16FA107,College
ATHLETE_0226,43e712c9-a81d-4fdc-a4ae-0b6ef8035f13,P-233E6691,College
ATHLETE_0227,58f9b14c-8ac5-485a-af4f-50b918036353,P-8414CD62,College
ATHLETE_0228,79fdd630-4e5d-42fe-a4d6-c021def4991b,P-8A25F863,College
ATHLETE_0229,84d05cd5-d335-409f-aaf0-eeec3711b49f,P-74C10817,College
ATHLETE_0230,a4ae9d24-ef38-46b6-bdf2-14c2be07f299,P-95483183,College
ATHLETE_0231,a515b8df-e2af-438e-9f6b-e3c305d47042,P-143D61A1,College
ATHLETE_0232,d094246b-a397-4c0d-b56f-603b8d0ade82,P-4B6E9FA5,College
ATHLETE_0233,f6a7630e-e44e-41d6-82f9-b22a9c75e799,P-943AE42E,College
ATHLETE_0234,3149dde8-2e19-41e8-a924-729a69664cfc,P-4D150B82,College
ATHLETE_0235,7c9c3130-28e2-46c8-87ca-2dc6e682ca84,P-40AD6415,College
ATHLETE_0236,89d9ac05-56b2-4872-991f-c0e079473e59,P-DB7ABEFE,College
ATHLETE_0237,933dde2f-959d-43f2-b3aa-15777b12b5e6,P-B6D3F817,College
ATHLETE_0238,16594765-e3d4-4d10-bfdd-4c25361d9d56,P-A209D2E8,College
ATHLETE_0239,557c5438-437a-4f1e-a26f-76ab09a1217b,P-D86098A4,College
ATHLETE_0240,761b0cfd-d32c-4016-afe2-fe4974c5f033,P-F5EDBFED,College
ATHLETE_0241,cf08a475-8e85-45ac-8cc9-063c52564fc5,P-0F067642,College
ATHLETE_0242,98f82d7a-3022-4788-92b8-8c5f96bfa748,P-B236DB6C,College
ATHLETE_0243,cae4ab7c-1fb7-4c89-8997-5a4d0ff9fc1a,P-0439D635,College
ATHLETE_0244,0759082e-6140-4b06-bd88-5aa025684238,P-CC26626D,College
ATHLETE_0245,101bb279-8567-4e25-9225-d1f0fec12471,P-CBCFAE00,College
ATHLETE_0246,322f5abc-acb1-4bad-9cac-a20afd176d5c,P-8BE66014,College
ATHLETE_0247,3b899bc9-b075-41f3-afb9-711165990b0a,P-D4FE5EBE,College
ATHLETE_0248,57b109dc-17ad-4a1c-b65e-9f2c60aba2c4,P-4FDF0E1C,College
ATHLETE_0249,14da3229-f408-4639-a735-3b6c47902979,P-DD8D47BA,College
ATHLETE_0250,655ef527-4517-47b8-9239-620b789bf3df,P-E0F7E04C,College
ATHLETE_0251,76896100-be3b-4731-8588-59eb9f86abad,P-557BB72B,College
ATHLETE_0252,7eb585af-770a-4322-bc03-e12f3ca026f3,P-7E33848F,College
ATHLETE_0253,8ab94528-857f-422e-b7d7-33e85bbd6219,P-01EA7E10,College
ATHLETE_0254,8fdbec80-3162-4355-b6f9-7e9496623ae1,P-8B80C9A4,College
ATHLETE_0255,9ffba766-0205-45ea-8ccc-7f9be6eca039,P-B8888C58,College
ATHLETE_0256,b08bd53c-4731-4a35-8418-624ab142ea0d,P-35BE15B6,College
ATHLETE_0257,d05297ad-c766-4c79-b152-c2573ecd7116,P-59C12F0E,College
ATHLETE_0258,3f13541d-968f-4877-ae28-2550d850e9db,P-7D6A033D,College
ATHLETE_0259,8a177ec1-bb53-46fd-9745-7430872443bf,P-4919B3E8,College
ATHLETE_0260,1d0d88b9-b89a-4d34-99a0-1ad7b0e8366f,P-687772C7,College
ATHLETE_0261,4e66aa18-8edc-4120-ae5b-38b987a3f7dd,P-25C46E78,College
ATHLETE_0262,77985f59-8f95-4c98-aed3-55cde930a196,P-B8B4D536,College
ATHLETE_0263,a14936c7-f6ce-44e3-906b-6f0af1739df5,P-B2A2E6D9,College
ATHLETE_0264,2ea05811-c5f7-4be7-b5b6-d351f0e29727,P-04376204,College
ATHLETE_0265,3fd15fb6-65c2-4f0c-97c0-e36cf4f71778,P-CE2E9619,College
ATHLETE_0266,433faeba-61a4-452a-a5a8-735360561774,P-85DDA4BE,College
ATHLETE_0267,5af2fdbd-c1e4-4cc4-875d-9b9fc454716a,P-CF821766,College
ATHLETE_0268,8010b86f-4ea5-48a9-b82a-e5e649b2691f,P-CB9052BF,College
ATHLETE_0269,adeac6ab-f6cb-40b5-9aa6-121c308a38c1,P-6AB85707,College
ATHLETE_0270,d7046494-e894-4854-9428-b708fcab8d8b,P-90B81605,College
ATHLETE_0271,e37dbebc-7ae2-412c-9917-c91856a00f27,P-F122BA27,College
ATHLETE_0272,bf3733e5-f20e-4229-9bd3-145db9bacf64,P-3F6AFBC8,College
ATHLETE_0273,f06ac2d9-08a3-4397-b6b2-295d0aaf0b05,P-02E84AE7,College
ATHLETE_0274,b39d3237-99d4-4996-b5d5-126154ef98dd,P-F3444283,College
ATHLETE_0275,c3f06942-00ea-4ed0-86de-455410338f37,P-DA10D946,College
ATHLETE_0276,a9d85cad-df9f-4151-ba22-9ea9a9d6ab74,P-6BEA0FBD,College
ATHLETE_0277,e0dcb5e4-9892-4ad3-87fd-865595802eb2,P-D064308A,College
ATHLETE_0278,0dc08264-a182-4c65-a0e3-087e816e8788,P-48550D23,College
ATHLETE_0279,5a0a408f-c72b-4241-9ceb-3de92a8fc088,P-BDF3B8B0,College
ATHLETE_0280,65159f50-c0e4-4a12-aa1f-e02c2d660165,P-FCF181BF,College
ATHLETE_0281,7d765fee-8b49-4ffe-82f8-cc6c9f52f5b3,P-3EAA6A9F,College
ATHLETE_0282,a2561b4d-c6ea-40a6-a745-9e74699a6741,P-6CE26BD0,College
ATHLETE_0283,08010324-f76f-405e-bf7b-5e2c2068acb3,P-A937604F,College
ATHLETE_0284,75593d78-df3e-40d0-b531-e1f5127850a5,P-0BB1FCD7,College
ATHLETE_0285,7ada7685-09e5-47c2-8b3f-f8f3ac89400a,P-AD45A555,College
ATHLETE_0286,7d93c6f3-2867-439c-8b29-60f59b0c1ee5,P-2FF34FDC,College
ATHLETE_0287,c30e2a5a-3ccf-41cc-930a-5169e5c75563,P-0B69FB0D,College
ATHLETE_0288,c6101100-edd3-4c79-b307-0683df454c1b,P-5FB6223F,College
ATHLETE_0289,d8eb1ea8-9b67-4a4d-9298-83755cb436e9,P-7DCD9914,College
ATHLETE_0290,f79944ff-a4b6-47eb-9a57-53d119893f21,P-91BB2BEB,College
ATHLETE_0291,1c18a230-3493-4e34-9985-94694e41228e,P-6F54DD79,College
ATHLETE_0292,46d62112-adb8-445b-aba4-265d7e557b5e,P-A5054318,College
ATHLETE_0293,52a22d31-a87f-4617-947d-a4e44cb8f469,P-7F8D9D2F,College
ATHLETE_0294,7098d3d2-e7b2-4d71-af2a-93694097799d,P-3CE2C687,College
ATHLETE_0295,7da331f0-d319-476e-a78a-5ab9a636d43f,P-2679F972,College
ATHLETE_0296,479aafe8-4330-454e-a467-3ad5f1d78fd4,P-D3C3E9FC,College
ATHLETE_0297,afc658e6-e9eb-4f21-858e-cfa287d5ac9b,P-BFEE8DBA,College
ATHLETE_0298,0b70a90d-81f2-46c4-ad96-aa0a96a2cada,P-3E911731,College
ATHLETE_0299,3a2f36ba-0ea1-4894-b79c-6c7ecf8a88b3,P-4DCAB1BD,College
ATHLETE_0300,ac13f79b-8b00-4c45-a8a3-4af6793e8f18,P-5CDF601E,College
ATHLETE_0301,e0225fbf-4b06-4767-81f4-b1dc27b835ad,P-14675926,College
ATHLETE_0302,f18313fb-c8cb-409b-b23a-283b16e587ab,P-9AD381EB,College
ATHLETE_0303,20254802-47fb-4755-912a-44c4c0c3d364,P-E1AF2869,College
ATHLETE_0304,27f8d3d4-5ab5-445d-8b06-626ac8d84a9c,P-7DF837D2,College
ATHLETE_0305,641bd7f3-0ecb-4ee7-99c6-99d86f4ce48f,P-9BF5C08D,College
ATHLETE_0306,dd557321-a2da-42f9-9d6b-bdb3db1c4196,P-B0EDFA75,College
ATHLETE_0307,61c4331a-055a-4b46-b572-00c6beedb6ed,P-7F92CACE,College
ATHLETE_0308,62d30d17-1c11-4715-a173-e8ac8eef14e4,P-09079D26,College
ATHLETE_0309,67ec0bd6-f1ce-4334-a5e3-b4293b0ab578,P-B800DC69,College
ATHLETE_0310,924cb6be-60c9-4a47-9c33-3e8f3ffb233d,P-0DA5E24A,College
ATHLETE_0311,133851e3-7b28-410b-abf5-b0f5b2b20682,P-E8CCDFCF,College
ATHLETE_0312,cd5e70bb-5485-4235-bf32-02f20f19fff8,P-FF4FEC6D,College
ATHLETE_0313,23eb095d-62c1-471a-af01-aac2c1de50c5,P-F8C46812,College
ATHLETE_0314,84a766e6-be46-41ec-9f78-aef0436c30a1,P-72B77148,College
ATHLETE_0315,ba94ab0f-7f39-4a8e-ab2f-3f18d60e1b15,P-6BA71FC2,College
ATHLETE_0316,804f7363-87f3-4ad1-9862-badb8c736719,P-ABE14382,College
ATHLETE_0317,6f29353b-1739-4d1d-8680-34e14ef7be9a,P-3737DBD8,College
ATHLETE_0318,3b31a8d0-30e3-4cf5-96d8-1714d666add0,P-08E9A442,College
ATHLETE_0319,4d895332-550e-4620-8ab4-04e159591b42,P-CF391DEE,College
ATHLETE_0320,6f4264d0-5cd5-4137-a17e-1b7290fddda3,P-CE2E985B,College
ATHLETE_0321,9429611d-b508-482a-a25e-1d1d2017349b,P-09D91667,College
ATHLETE_0322,b5c3d0ed-f671-40df-a4ef-e71eafa28295,P-27973818,College
ATHLETE_0323,b99d4278-628c-4464-860b-fd46ea130c3e,P-FFC652E9,College
ATHLETE_0324,d83aec3e-6fdc-4f27-a777-82d4ba21d9c5,P-63C59FD6,College
ATHLETE_0325,7f51b77f-be73-4717-877c-7565dafef644,P-B06D1002,College
ATHLETE_0326,2ba041c6-e1d8-45c3-b1d4-3f0a7a78d2f0,P-76D6E5C2,College
ATHLETE_0327,8159dc31-1dd1-414f-89a9-0a91aded3181,P-B2B9D0D2,College
ATHLETE_0328,d6caf525-b4b3-4404-9d67-77db54928247,P-C8DF6F0C,College
ATHLETE_0329,55b67320-64f4-44c0-905e-b2faae07fb86,P-17A9E32C,College
ATHLETE_0330,a7aa17e9-0f66-4e94-afe2-21f26515d41b,P-F2BDEECD,College
ATHLETE_0331,31ef25a1-9c6b-4f5e-8c7c-7f081805e8e3,P-C3862A92,College
ATHLETE_0332,9c82b9cc-3ed8-4306-8736-f0f6cd29a2a0,P-0DA50E07,College
ATHLETE_0333,e14a28ba-7bc6-4619-9b0f-0539b8256191,P-65F3D543,College
ATHLETE_0334,6ab47460-acd7-47b3-90a6-5cbf52ec092a,P-1C15B91C,College
ATHLETE_0335,cdb3952f-891b-48ee-88a2-862111ad1304,P-EDE5C554,College
ATHLETE_0336,a16e4367-8c96-4ae0-b9f6-949e81225525,P-F9FFB585,College
ATHLETE_0337,83855b2e-be94-4aac-89db-0353b3c40bce,P-C9DDD49B,College
ATHLETE_0338,4e1af3db-6ccc-40d6-a94b-3ab3afa010b8,P-BC8A05A3,College
ATHLETE_0339,a521cf70-f66b-4f4e-a49f-0f18177e6080,P-A550651F,College
ATHLETE_0340,80944f5e-5fc8-406e-9469-c6e8e28bced3,P-CE32D51C,College
ATHLETE_0341,56254c40-279d-4fd1-a79d-80ab8cba455e,P-28B65D4F,College
ATHLETE_0342,b19ec989-a360-4f3a-8192-e85e4e561547,P-CE4DF3D3,College
ATHLETE_0343,1239984e-b0df-40b7-a87f-96e622ee3f29,P-69A5C6CD,College
ATHLETE_0344,18bbd336-700e-4471-b080-d188e1f86acb,P-D8453FDB,College
ATHLETE_0345,c9e44408-af89-4d4c-b74f-0b646af4dca9,P-33A3A106,College
ATHLETE_0346,3853a4f7-0647-4383-9db7-944099ee289c,P-B01DA3DC,College
ATHLETE_0347,3f723745-a376-4761-8307-2cb41618089a,P-246E2F99,College
ATHLETE_0348,69070054-9a30-4949-9868-89ddde0c98d2,P-1107EB6C,College
ATHLETE_0349,bf22518a-49a4-49a4-8d3d-1c293494ea0f,P-807DD4DE,College
ATHLETE_0350,1b67dfca-b6be-4156-8f08-8b65145634d0,P-62D3B815,College
ATHLETE_0351,8850e915-e951-448a-8582-fd29ac20cc12,P-9C8A7A1D,College
ATHLETE_0352,33ddd04a-5aa5-45aa-ba6d-179e8a9faaee,P-343429D1,College
ATHLETE_0353,01ce57c9-65e2-4efc-b432-f44917fa85e9,P-C4CD9280,College
ATHLETE_0354,918e84f8-f308-4da9-ab24-83e781c063d7,P-31FE559B,College
ATHLETE_0355,b6b2938a-5a11-46b9-91d2-e05b24b06f3e,P-2E790B09,College
ATHLETE_0356,2db65e30-03e0-44c8-b751-39fe1e6f395e,P-7FA5632D,College
ATHLETE_0357,99d862d9-8ce7-4e96-8501-52751a324bcb,P-2A5C48AA,College
ATHLETE_0358,a977ccce-3d41-47a0-8a97-db393fabcd44,P-0A503E01,College
ATHLETE_0359,e79b4477-5b5c-4ce4-ad79-275fa35b3dd7,P-3408C81A,College
ATHLETE_0360,6430c657-834e-4645-a9e9-eb96a2860e4a,P-136E6675,College
ATHLETE_0361,4aeede74-d3fb-41a3-a503-3b8cf90d23b5,P-DEE1D2A0,College
ATHLETE_0362,e64c82fa-5cc8-41c4-a9c8-a03fb7b26688,P-7A7F825E,College
ATHLETE_0363,c42e15b0-89df-45ab-a5ff-2626dc1923fd,P-FE666339,College
ATHLETE_0364,a4f9fe3c-a40e-4863-b367-291695947346,P-335F934F,College
ATHLETE_0365,23ee04e9-d863-48ed-b675-72216e060a8b,P-0540BBB5,College
ATHLETE_0366,8fb7bbc7-a88b-4ba8-b16b-7913d25a9ee0,P-48562878,College
ATHLETE_0367,9eb1337d-1d13-406a-8187-186deba67260,P-E18BB7E1,College
ATHLETE_0368,40f6245a-0835-4dcc-86e8-8e279e034b1e,P-7EE83823,College
ATHLETE_0369,9392ee9c-0242-426a-8d54-fda4b8893344,P-FF9A7BD6,College
ATHLETE_0370,7778df7b-d817-436f-b255-38fb261f6fcb,P-349CEEC7,College
ATHLETE_0371,804a3f16-aaac-4441-90aa-20ff0aaabfdc,P-8E31E3BD,College
ATHLETE_0372,ce976cad-862f-4b6a-a5bd-2a70fe9d6615,P-5A350E37,College
ATHLETE_0373,698adf5f-e29e-4a11-9755-6f1d3060d120,P-E22D8C48,College
ATHLETE_0374,fa220116-d12e-4108-8a69-c6e94cc31271,P-287F41B2,College
ATHLETE_0375,ca64edcb-7753-4e1b-89c5-1b986d0a706a,P-6E3C6F43,College
ATHLETE_0376,d3dbac60-6151-4b9e-8f3f-202af45b11c5,P-D3E65297,College
ATHLETE_0377,099c4250-26f8-4d25-8130-e6040d5ec9cd,P-DA88A187,College
ATHLETE_0378,2ac3292c-ee93-4772-87c8-781e79f44663,P-D922D07F,College
ATHLETE_0379,23637981-b953-4bf6-ac92-97a757a14813,P-644CEC55,College
ATHLETE_0380,2aae2652-5b11-4c48-84c1-77f17da9c0a8,P-EF8FCC09,College
ATHLETE_0381,f85f10ac-84e0-4440-91ed-1bc481aa1232,P-0F233483,College
ATHLETE_0382,4ee9f942-4594-4d58-bd33-6558bc892607,P-DC9EB7E7,College
ATHLETE_0383,67a9a58a-5d66-47fe-a72c-b2ed46b32b0f,P-5B825171,College
ATHLETE_0384,995dcb71-674d-4ec4-be85-85ebb6ec3409,P-CB5788D9,College
ATHLETE_0385,bb8c6850-eda4-4311-96f0-0f3b3583ccc6,P-4A4F40D0,College
ATHLETE_0386,e567aa28-24cd-4da6-a8d9-0577b37b3541,P-10B37890,College
ATHLETE_0387,33acaa1e-4342-4a73-a481-6d07ce16e9ee,P-D22C4744,College
ATHLETE_0388,e5f0d44f-45c2-4349-97af-84cc0bcec2a2,P-C3D1A0DD,College
ATHLETE_0389,a3811b8b-19ff-48f3-9150-462cd28c8310,P-899BCEAE,College
ATHLETE_0390,09fb4893-4e63-4dd0-8fdd-de80c4feba3a,P-69E320AF,College
ATHLETE_0391,fd84eb6d-015e-45ce-b138-ca83e219ba34,P-08D55109,College
ATHLETE_0392,767f943a-df4c-4f56-b0c2-4ddb4b97611f,P-D92C05D3,College
ATHLETE_0393,d67d0928-aa3a-4950-aff4-ac44fdd9599c,P-78DD91E6,College
ATHLETE_0394,28f901be-c031-48d6-bd3e-320257b2e802,P-F1A3B4D5,College
ATHLETE_0395,430b0226-562d-47dd-b62a-6c985a899971,P-4A458451,College
ATHLETE_0396,ccab70a6-12ec-4044-8e84-65c4d46b4ecc,P-F989A36D,College
ATHLETE_0397,214c2748-745a-4673-acc8-47a4200e2dbb,P-CF029655,College
ATHLETE_0398,7712f3b9-4149-4585-873e-39aaa777b664,P-6936E63A,College
ATHLETE_0399,e3f3498b-d911-4519-909f-404bcbddd6f4,P-FE144FA6,College
ATHLETE_0400,e5014f59-5510-4dda-bf85-e01b1dad7041,P-67F58CFB,College
ATHLETE_0401,ee1b7451-d25f-4c24-992f-e2423b28fabc,P-65A3EDE3,College
ATHLETE_0402,10215962-500d-4519-8609-8b2d46d991dd,P-6B0E9158,College
ATHLETE_0403,23a287b6-3c91-4d22-97a1-8a0ea540c348,P-CCB879B2,College
ATHLETE_0404,8f10d695-e950-437f-be5f-dd464a23a902,P-D2B0D950,College
ATHLETE_0405,a18243af-2495-476b-aa3e-6ca7a1346bf1,P-20BC3723,College
ATHLETE_0406,b567233b-79b2-4629-971b-b34ce29b53cf,P-0A8BDB04,College
ATHLETE_0407,bb0b48a8-5633-40be-8d62-8bd8c0b7516d,P-DD057021,College
ATHLETE_0408,be6363a1-554a-4efc-a8e0-8c2777a118d0,P-ABE71CB7,College
ATHLETE_0409,e89941db-3ad5-47fb-aa2b-af3867f73a43,P-3F987CBE,College
ATHLETE_0410,328d4e72-3921-4dcd-ac50-46dfcfe28a26,P-48BD0455,College
ATHLETE_0411,927854cc-8c56-4b1d-a4c1-69db6c8b1d25,P-CC2A6861,College
ATHLETE_0412,7c710e02-ffed-4b27-ab1d-e3833e43d497,P-4D67B383,College
ATHLETE_0413,84ef6cfe-f19f-497a-b514-7dd783acc5d1,P-37F0AF6F,College
ATHLETE_0414,ca47e4cb-9755-40aa-a325-89f7b1a22167,P-68CC924B,College
ATHLETE_0415,e6db180e-6cd0-419a-b842-dae23671c6ce,P-AE2A3F6B,College
ATHLETE_0416,2c3328a1-b60c-4a9e-b8f3-aa91246d0026,P-8367FD60,College
ATHLETE_0417,45aac6a0-5587-4cfc-95ad-b4a2c248f315,P-83911E8B,College
ATHLETE_0418,47e48c39-3b9a-4de8-a70b-6c287bb19caa,P-0F6A86D0,College
ATHLETE_0419,5cdb5b6b-d113-4dc4-87b2-700af6541e0c,P-9BFFD06F,College
ATHLETE_0420,88608d47-bd5e-49c7-9992-613864ca2851,P-82191473,College
ATHLETE_0421,d001f9e3-3234-4b4e-9f0c-a6bc9333600c,P-979F5FF4,College
ATHLETE_0422,e286b5ae-d9a8-47c8-9ac8-482dec1e3ae9,P-1C6E6054,College
ATHLETE_0423,168b2b4b-9d2f-4d8c-b82d-dddc24f756dd,P-7EC14BC3,College
ATHLETE_0424,96552cb5-0c7d-4bfe-939b-37790cd927d1,P-B0D88F35,College
ATHLETE_0425,058ce244-3711-419a-8598-d2419b6cd032,P-CA0EA895,College
ATHLETE_0426,44dbf16d-b30c-4236-8fb5-f49456efa9a5,P-2D372E05,College
ATHLETE_0427,7315f5af-21d8-4d5a-a28b-4689e3390f2a,P-2DBA8A26,College
ATHLETE_0428,954352bb-1646-4514-b913-0aabf5f59916,P-434669B5,College
ATHLETE_0429,f011af3d-9615-4717-84b5-4087baebf9d5,P-862703C2,College
ATHLETE_0430,1f2ffe4c-64f8-4633-a893-6f7291e1605a,P-C1253A39,College
ATHLETE_0431,342a4855-88dd-46dc-a6ff-eed2762cf297,P-7407855D,College
ATHLETE_0432,4cc0f6ab-1b8e-4db3-a50e-f5a0dbb80eea,P-F8A4E4CF,College
ATHLETE_0433,6f51887f-9eb3-45f9-8d31-bc4a04836185,P-D1F49AC0,College
ATHLETE_0434,809bb772-1c9e-43c3-b3f5-7dfe566d47f3,P-F1C1CF35,College
ATHLETE_0435,980c243d-3575-4086-b2c3-e71f0523de67,P-B84A07D0,College
ATHLETE_0436,9b6ea87e-8077-44ef-b370-19c345b11aef,P-DC99656C,College
ATHLETE_0437,c13a5d33-3ae9-4e40-b2da-a2b9a47ecf7e,P-235097E5,College
ATHLETE_0438,c35b2fec-5d4d-42c9-8003-f5b0ade876ae,P-1356BE73,College
ATHLETE_0439,c47fc6b8-413e-469d-9b05-29744d26822b,P-5E1A4A54,College
ATHLETE_0440,2185bda4-2e3c-453c-bbf0-5a2305a26670,P-B9C7593E,College
ATHLETE_0441,3b06ef63-4d87-4470-ac42-3ccb03577157,P-7B340380,College
ATHLETE_0442,071966d7-3bcc-47ca-8261-5660ba66fe84,P-16606279,College
ATHLETE_0443,d74dc24f-6a10-4f01-9153-02b7978d58c9,P-E0C3023D,College
ATHLETE_0444,146d3bc9-9623-49d6-a1b1-5f8d298537cf,P-64A70867,College
ATHLETE_0445,5358efaf-f709-4203-9c67-5acfeed2e27d,P-B2519032,College
ATHLETE_0446,af6951f3-1894-42ca-b8fe-68e8380fdc1b,P-9421EC37,College
ATHLETE_0447,b10e8d8c-b882-4c35-b7fd-c97c70640597,P-A1841DBB,College
ATHLETE_0448,e392c9e1-c58d-4ae0-904b-121d6ad32ab6,P-C0AB1F88,College
ATHLETE_0449,e526e480-4670-4738-8ef6-e8b83ae0561e,P-8F147CC2,College
ATHLETE_0450,0de7a91a-4885-4d4c-be0f-38fa133288e7,P-A30D577B,College
ATHLETE_0451,13a15065-c793-4d62-a47e-5800e1c54875,P-E336B28B,College
ATHLETE_0452,25213424-86a3-4b2d-abe0-dec3539947c2,P-1A04FF4D,College
ATHLETE_0453,5534f3fa-68b6-4e58-9e0b-5e8518882050,P-57FA3013,College
ATHLETE_0454,87be0f68-5a07-4e89-aa0a-e77f96f13b93,P-DCA7D8D8,College
ATHLETE_0455,ac50b9d2-5ebb-4b0b-a928-5cb292e29168,P-249F72F6,College
ATHLETE_0456,cd36f8a2-1f15-40c9-941b-757d51d8bbef,P-F9C633EB,College
ATHLETE_0457,e815deef-221d-41b2-9906-21cce63ee76c,P-18A20A8A,College
ATHLETE_0458,a56cf22d-344d-49b4-94cf-488c5f90a8c1,P-5F6883E9,College
ATHLETE_0459,da49647d-36ce-4fbf-8f2a-3d18791b4bf9,P-598DAF60,College
ATHLETE_0460,2c4e9313-36fd-4064-ad41-2fc63ffd83e0,P-6C1FC54D,College
ATHLETE_0461,e5763752-11fe-482d-846a-42bd4ca59391,P-92599E93,College
ATHLETE_0462,1311628e-4f4f-44d2-96c6-72a2a917dc6e,P-7058C5BA,College
ATHLETE_0463,3c866c1f-e449-407d-aaad-7e9ec7c83a26,P-806E16D0,College
ATHLETE_0464,5043db56-a314-42f9-b294-136c5b524fb2,P-015E45F8,College
ATHLETE_0465,5125c426-4323-4a31-8462-c80951c76914,P-E8B0EE38,College
ATHLETE_0466,83683760-21e3-4db9-96c3-220bfe1b601e,P-F8319F51,College
ATHLETE_0467,fde07aa4-a94c-447c-a82d-1d84e63e98d6,P-0D6D05CF,College
ATHLETE_0468,2d7c3b01-3865-455b-a592-f504685d86c4,P-CB89B7A6,College
ATHLETE_0469,7eb00881-1247-4b5a-9ae4-763afc8871c7,P-F0BF9F03,College
ATHLETE_0470,11029822-cab8-4449-8233-6432209ffb37,P-89BD101A,College
ATHLETE_0471,12b366d6-4092-488e-a084-7865e7292493,P-A5A35E94,College
ATHLETE_0472,375a132f-d849-4536-8f87-f0239c912ba5,P-C2B1704F,College
ATHLETE_0473,2a9a6261-0d54-432a-a6b3-09f64ffe252d,P-B4AB0D9C,College
ATHLETE_0474,be6699d7-10cc-4808-99e6-8708b4cfbdfe,P-BBA21012,College
ATHLETE_0475,9e6ef296-3871-40cf-96dd-e40d9bde7587,P-9CDC7420,College
ATHLETE_0476,c7b46048-699d-4e2f-af5b-342c5dc2b78f,P-6DF1E051,College
ATHLETE_0477,b30824eb-0cdc-4b7b-b35e-c140b13e8daf,P-5BDE389D,College
ATHLETE_0478,18219869-3979-4b5a-8037-092e73dcd8d1,P-098D38B2,College
ATHLETE_0479,7835f62f-c06b-41f1-b5d5-2f5ac335a74f,P-CBC4CE51,College
ATHLETE_0480,fd57cc3a-28f1-46e0-afb1-3bf5f958efc9,P-5494E121,College
ATHLETE_0481,1f2f2142-574e-4249-971e-e117944d4bc9,P-43293CBA,College
ATHLETE_0482,940ba3d2-9b86-4e53-822b-b09de637cd71,P-1D9607C4,College
ATHLETE_0483,f61b9f75-a2ef-4646-93ce-a7252f01df3e,P-08341F1B,College
ATHLETE_0484,8227a443-cb2c-4d7c-b937-6f0b0f11090f,P-A1B02130,College
ATHLETE_0485,541fab71-6414-4e94-92f1-8157f95f03cf,P-04259026,College
ATHLETE_0486,79b0dc5a-22d2-4584-8deb-db2c48beb5c9,P-DC4F4397,College
ATHLETE_0487,926d775c-ceb2-4f0b-834c-4028be770fbe,P-5149C4CE,College
ATHLETE_0488,a1e34cb4-08c7-4373-9276-6a52ee4167f7,P-FF403889,College
ATHLETE_0489,be32fb27-589d-4c47-9b63-d3def6f98531,P-09F63B27,College
ATHLETE_0490,cb94e849-463f-4add-b423-b0292fa489a1,P-630F2438,College
ATHLETE_0491,0a2a24f1-4084-4fbb-95d6-186cf2cd9f1e,P-57F7FD73,College
ATHLETE_0492,aad0145e-6fa0-4477-b113-42b419d669ca,P-E5CA47ED,College
ATHLETE_0493,b49ec4cf-73d9-42e3-a030-c8f9c91bc48d,P-C90847D8,College
ATHLETE_0494,028103c0-673c-4a98-a99e-da4c922ac415,P-FC581610,College
ATHLETE_0495,20dcd5f3-b458-4221-91ce-958e03ed1090,P-423FA80D,College
ATHLETE_0496,261cd037-7baf-4ab9-9cbf-0b4cafc0ee9a,P-5A1097EB,College
ATHLETE_0497,5aae01e3-6ba8-4ffb-b2b8-3a33032444e5,P-417BC1B0,College
ATHLETE_0498,c663e328-686f-479c-ab4b-f9f95a4ec805,P-41033F9D,College
ATHLETE_0499,dd5d3b99-6713-4f55-9182-e9d492706459,P-44A476CF,College
ATHLETE_0500,195d0d4a-6946-45fb-81d3-4df081f88972,P-89036DD2,College
ATHLETE_0501,926a6a62-76ad-4650-a4de-0e793df8ecc2,P-F97E03BD,College
ATHLETE_0502,67aee891-da1d-452d-830f-6bc282fe6a56,P-62E9E92C,College
ATHLETE_0503,ce89d2e4-8fca-461b-9203-c75495a25c03,P-08323BFA,College
ATHLETE_0504,3adb6672-6cfc-4007-9d98-326e3bc98c8c,P-93AA2AA8,College
ATHLETE_0505,895d7781-7148-4b96-bab9-f990e6428d63,P-357EDB96,College
ATHLETE_0506,55d2a494-a50f-4f4a-955d-20a4ed165f65,P-74891D7D,College
ATHLETE_0507,a1ed776d-5630-45ca-bc7c-c3a68cfb740a,P-7B2A174A,College
ATHLETE_0508,95df46e7-697b-40da-a9be-f0e21180c0a7,P-41DE21BA,College
ATHLETE_0509,a7f515d4-1be9-44bb-a5b7-f9cba0337e2e,P-ECBADF9A,College
ATHLETE_0510,fd3d7a63-ef2c-43d5-96dd-1f5c1762b025,P-AE6F1B3E,High School
ATHLETE_0511,b57dca79-dfa8-40d3-99b9-b3ab9edd12cd,P-4AC381BE,High School
ATHLETE_0512,e24f29b6-b8e8-473d-8044-bf5779893afb,P-E762E1B4,High School
ATHLETE_0513,d2a636aa-6148-431b-bca8-a14322813a7f,P-FD640476,High School
ATHLETE_0514,51c16a6f-2089-486e-bddb-70b5afb4971d,P-A6F9E100,High School
ATHLETE_0515,ec18ed95-eb8c-4a1e-b7e0-1310b418c15d,P-9DF96DF1,High School
ATHLETE_0516,9e647329-8263-4e43-ae3f-3c16e6afaf99,P-656EB0D5,High School
ATHLETE_0517,1546b167-acac-4859-842a-293c011afbee,P-7B2D7AE3,High School
ATHLETE_0518,7b6cd196-15e9-4d77-b758-5f8422f19e31,P-3C9F96CF,High School
ATHLETE_0519,cb97b53e-2d0d-4f7e-a299-f4e30f3cbbb1,P-31277B94,High School
ATHLETE_0520,6cd1a54c-df72-45e6-9e72-50a344eea254,P-FC85AFE8,High School
ATHLETE_0521,3f2e4ffe-bee0-4f65-8cfe-18bdcebb698b,P-BFF985EE,High School
ATHLETE_0522,98a3ebc4-c466-4780-a66f-e0d9205b3e65,P-2992D6F1,High School
ATHLETE_0523,81b2a80f-8edf-4bc7-92d4-e7d534fde7db,P-46BA211F,High School
ATHLETE_0524,02bd758b-d462-4a13-a2bb-e36a8baf4615,P-25421269,High School
ATHLETE_0525,8934548c-9fb0-4c85-8d9f-894533487d92,P-3AD5B639,High School
ATHLETE_0526,2463165a-46c1-44cd-be27-0f886c404f46,P-DB40BB2B,High School
ATHLETE_0527,fe46ec33-2e07-4478-bf84-70d34844627e,P-7AAB7DD8,High School
ATHLETE_0528,4b6c5fb8-a899-41a3-a3e2-af066e04e14e,P-F94F0A57,High School
ATHLETE_0529,4de1cda6-90aa-48ea-8716-51ab8589febd,P-0831F110,High School
ATHLETE_0530,d27f623a-39a3-43e9-aec8-5af4998fd0f5,P-AE717004,High School
ATHLETE_0531,08a63457-73f2-424d-aa05-9940fc850e2f,P-774E9E5D,High School
ATHLETE_0532,510fa853-5b87-4f18-b0d0-5268b4eee1d3,P-B9E50B65,High School
ATHLETE_0533,76013a40-c6ff-4a3e-936e-520cf89c5218,P-4069A21C,High School
ATHLETE_0534,26bd7f15-627d-4a4f-b8ce-9e3e72218fc5,P-420B12E8,High School
ATHLETE_0535,4d97aa83-aa97-4531-ba61-458b47352e3b,P-B4F14DBC,High School
ATHLETE_0536,c79a8908-2ef8-4a75-a304-91e2088dc99a,P-4D9ED1DB,High School
ATHLETE_0537,a5be5c60-bd35-4749-9223-16307461145d,P-654B9E8D,High School
ATHLETE_0538,e74a7f69-4372-4559-b03d-3279cd7c6940,P-E221A09A,High School
ATHLETE_0539,a0fa354b-053b-44cf-b351-e0925f856a5a,P-5F806AE8,High School
ATHLETE_0540,e79dea6c-d978-46bb-b470-ba7c64efe642,P-0BD74BAF,High School
ATHLETE_0541,451c4a84-60b1-431b-892d-cdbe4243794a,P-64C453E9,High School
ATHLETE_0542,80ed2e94-01ab-42e2-bf24-897dddf240ee,P-BD0B39C6,High School
ATHLETE_0543,40c59397-0533-47f9-abdf-aa0b1bcd9fb3,P-AC55FAF3,High School
ATHLETE_0544,5a920021-0342-497e-b8fd-174c90d8936f,P-C60DAE12,High School
ATHLETE_0545,33f500ee-2c98-482f-8ecc-f780e5d3c01f,P-D5ED2024,High School
ATHLETE_0546,8ec56890-f5d1-4b19-98a3-c1b4afe97740,P-12204E6D,High School
ATHLETE_0547,2672ff0d-d896-484b-adb1-a6fa7845c012,P-A4568E46,High School
ATHLETE_0548,d241a71d-2e3b-462c-a0e2-defd6e97dae4,P-CD185DD7,High School
ATHLETE_0549,3f5740bc-c27c-4ce7-98ce-176549d426eb,P-3E283017,High School
ATHLETE_0550,ba7936b1-678a-4c26-a19a-98ef3d40d216,P-DC42EF57,High School
ATHLETE_0551,66baa6e2-0f96-4fd7-8f35-1b7840064820,P-1422D20B,High School
ATHLETE_0552,c60a0ed6-f409-4bf9-ae60-f92383238e6c,P-2E80D44C,High School
ATHLETE_0553,54c77616-6a19-40c9-bd31-f2e08d408a4e,P-0C8D91B0,High School
ATHLETE_0554,f35b1925-5394-43e7-bedd-57bfdc3dc8d6,P-FB3A281F,High School
ATHLETE_0555,5e16e428-bf80-4c99-a41e-7103dd2e0d07,P-73090AF1,High School
ATHLETE_0556,4866b002-7195-489b-bb2f-0b682154aed8,P-0CED8975,High School
ATHLETE_0557,231fede0-9625-4919-b8bf-9cea48a79d5d,P-46E8722B,High School
ATHLETE_0558,892c90c6-c255-45f7-8053-2d54fce4634a,P-3ADD5DBC,High School
ATHLETE_0559,826e276c-e8d5-4bf7-8f26-8d6f33068982,P-F04E49B3,High School
ATHLETE_0560,b11f1509-c586-4229-80b9-c7e38ec55e51,P-A393AC41,High School
ATHLETE_0561,65c0c056-de0a-422b-8e09-745316002c65,P-3DB32C1E,High School
ATHLETE_0562,798a57ed-d66c-4c21-8b6d-602f64e2d070,P-125D7DED,High School
ATHLETE_0563,ff838832-e6c7-4c15-8750-15b42b1de4b4,P-1FC4BECC,High School
ATHLETE_0564,beb2623e-2867-4cef-8355-61c2b16d6575,P-4201344D,High School
ATHLETE_0565,ea31a04c-fc9a-4336-92f9-583561be37da,P-E1DAD479,High School
ATHLETE_0566,1cb2ec3a-6515-4231-a3c6-c66b7cb019df,P-69FC8EEB,High School
ATHLETE_0567,0296f824-1762-495e-9f13-8a877b563a00,P-3593FCD4,High School
ATHLETE_0568,022b14a0-3822-4920-86ae-7e0f68d63054,P-C12DBC92,High School
ATHLETE_0569,14268802-b329-445c-9703-5d916ae7596e,P-6F2E5BFC,High School
ATHLETE_0570,2c7eaa37-9053-437c-8a69-5e77717b1c3e,P-FC194B49,High School
ATHLETE_0571,38309a48-dbac-4da7-ae30-f8fdf3c490cf,P-786D8FF7,High School
ATHLETE_0572,65dbd138-95ea-4b88-8630-843ce6a6fdcd,P-E1850673,High School
ATHLETE_0573,79900e57-168c-4f57-8da6-7fcc54654d98,P-79C7A890,High School
ATHLETE_0574,8fb0b3bc-d139-4d1e-bc47-4890b252431f,P-752EF26E,High School
ATHLETE_0575,908d2292-e043-4dca-8eb6-35e2ec1ef406,P-B03B86EF,High School
ATHLETE_0576,cad8956e-aaa6-45a6-a9f6-a54fcb0fcb4f,P-71D6796C,High School
ATHLETE_0577,d0bf3f1b-976c-47d6-8273-d7332c45f1b1,P-1B8C0ED5,High School
ATHLETE_0578,ebd69af8-2c7b-4fba-967c-09d0c4b97b77,P-477D39E1,High School
ATHLETE_0579,f476ef23-8fd2-435a-8e17-b7db9e5be64f,P-2639A974,High School
ATHLETE_0580,0bdccf12-9400-421b-90c9-47f6f6f6487e,P-343AB3FE,High School
ATHLETE_0581,e49696e5-da2e-41ac-acfe-b294ba2a8893,P-17C99210,High School
ATHLETE_0582,321b32a2-5c27-4ce5-a46c-4c1d1489d304,P-BCEE881B,High School
ATHLETE_0583,4c43a7b6-cc31-4dee-ae87-4ed78416f25c,P-5C8944AB,High School
ATHLETE_0584,e321d6aa-6715-4233-8b56-fa0a2153d0f1,P-DCE4BFC6,High School
ATHLETE_0585,1fe75942-3e30-4f34-a7a1-fea8f4907271,P-66912228,High School
ATHLETE_0586,45e73f1f-f7ea-428f-9630-f23d4d51962f,P-8732F93D,High School
ATHLETE_0587,ac9c8d90-1b6f-4316-a050-50e3565b544f,P-41B9FBB4,High School
ATHLETE_0588,c02af945-0781-48c8-b2b8-cd3d76336ae6,P-8CF03545,High School
ATHLETE_0589,dc4276c1-5afc-440f-81dc-d512dd5bea20,P-D6867ED6,High School
ATHLETE_0590,0e65584f-d8bd-49ec-bf0b-4f77520ca824,P-BAA7BE24,High School
ATHLETE_0591,9ec8f3f7-a1f9-44b7-b049-4ffc98a64ee4,P-B610DDEF,High School
ATHLETE_0592,e35d5163-88f9-4b82-aa3b-8fb75d1b783c,P-D4E8F90F,High School
ATHLETE_0593,0f2ae0b4-7653-4121-96f6-a8d08ae763f0,P-1CDE789C,High School
ATHLETE_0594,281a38ba-6781-4169-b614-7d7b938b1a98,P-F51C332B,High School
ATHLETE_0595,4c7b0b19-f20e-47c1-b3eb-e716079d0943,P-141A48C8,High School
ATHLETE_0596,9ad72333-75cc-4fc3-8a75-e37984fb5cb7,P-6A4CDCD7,High School
ATHLETE_0597,d44ceada-7e93-4d7c-9c50-73a890303da0,P-9A976611,High School
ATHLETE_0598,e5bc92af-9290-4511-bb94-964d15ed74f1,P-1671B53A,High School
ATHLETE_0599,eeedc022-5bff-4e38-b27a-317b3580de3d,P-F725D158,High School
ATHLETE_0600,462a5740-d35c-4c01-ba29-109e0ccdd6cc,P-D59A9E69,High School
ATHLETE_0601,7b6302e5-d0e5-4f3d-b2ec-22425ff124c8,P-4CA344C9,High School
ATHLETE_0602,9d1c19e0-40cf-42e1-b138-d7b5621dfb37,P-4CAF1CD4,High School
ATHLETE_0603,ca6abb9e-d47e-4afc-8552-bb7fa2fb28ea,P-17B83D9A,High School
ATHLETE_0604,6b0d1002-d4bd-4027-9e68-7e4f8d199719,P-A2CD8FE1,High School
ATHLETE_0605,36cb0cdb-18a8-4835-a752-c24ec108aa64,P-9C24903C,High School
ATHLETE_0606,a0277b69-aa72-4faa-b7d7-9bfdd290f216,P-A5E91D42,High School
ATHLETE_0607,46e8c967-5091-405c-8561-6e585f895fee,P-C42CCE3C,High School
ATHLETE_0608,483afa28-797d-41db-a79a-f60c9f693e0e,P-E108284E,High School
ATHLETE_0609,93eb70a1-b436-4d0b-a76a-504e0092bf80,P-EF8878E2,High School
ATHLETE_0610,26153b78-71d6-4e59-b200-c1fc1d896be9,P-26B255AD,High School
ATHLETE_0611,fba364b1-359e-4b83-848e-81fbce5ea8f5,P-F710461B,High School
ATHLETE_0612,1ed690f3-eb82-48d3-9511-6dc31195c1ee,P-0F98F7E1,High School
ATHLETE_0613,126f9af7-cf9d-4040-b45e-439b96e33a36,P-23DA8D67,High School
ATHLETE_0614,5aaa1be2-be82-48ec-8275-0dceef552020,P-2F13E66A,High School
ATHLETE_0615,dd0a2025-1f8b-4e41-a0fd-f824a9b3f584,P-26D090C8,High School
ATHLETE_0616,05575cbe-9a25-44ff-9a85-44c36f90b777,P-A7EFF2F1,High School
ATHLETE_0617,2bd5f19b-9243-405a-8b47-11658bce7657,P-0FF5BC2E,High School
ATHLETE_0618,be492d46-2740-4ad3-883a-aacb5ad59fd7,P-10672B12,High School
ATHLETE_0619,c777c1fe-cead-46a8-91bd-2ed727d5df8e,P-9CA6D916,High School
ATHLETE_0620,35abfc18-eda4-4b84-9213-414fb641d088,P-4A8439A7,High School
ATHLETE_0621,20b87cd5-55be-4b33-b243-f9f91d750b93,P-CC969665,High School
ATHLETE_0622,8c6b4bde-d55a-4d11-b3f6-5986d3a90dee,P-A06AF0F2,High School
ATHLETE_0623,f572a187-fb59-4873-ad4f-f18108b925d2,P-5015CF37,High School
ATHLETE_0624,06e4a1b1-5c02-4cd1-bdf7-4e9e2d6f5bed,P-F28C159D,High School
ATHLETE_0625,ff95cdb1-45d8-41fc-adf0-39c817822391,P-3E2CC1E5,High School
ATHLETE_0626,59e769c3-3383-4d00-b927-1977be21042e,P-81ACD823,High School
ATHLETE_0627,690ec443-284e-4a6f-93e3-a333d35e13b9,P-68A08087,High School
ATHLETE_0628,0d81e7b4-7585-4fd5-9bd0-d7be2f551c44,P-BE03611E,High School
ATHLETE_0629,1c4a0cd7-08a0-4e36-94d0-d2167ead0591,P-7E103908,High School
ATHLETE_0630,3cd8631a-9d15-4483-b913-1e616f82c8d7,P-CB785793,High School
ATHLETE_0631,6261df51-a5ff-4521-9e6f-9588bfd95871,P-167FE7CF,High School
ATHLETE_0632,7e52605b-e5bd-46c1-a201-2b64cee3916f,P-3F0C1DF1,High School
ATHLETE_0633,a88f96c6-6e28-4c30-bd49-21993b5d3228,P-8FD76172,High School
ATHLETE_0634,3c6d1307-3ba6-4b63-bfda-17adbf4b8af3,P-9DE29A31,High School
ATHLETE_0635,94807019-34af-4dfa-bc90-db16cdb1a766,P-D74D2E3B,High School
ATHLETE_0636,175d4f4c-e2d9-4eb2-b839-a15c73964dd6,P-623B7EB1,High School
ATHLETE_0637,ae8ac516-a519-42e5-bfe4-a219c9225c16,P-E2621A32,High School
ATHLETE_0638,de62ef34-b5d2-4ce1-8601-26ff24d5baa6,P-22188B59,High School
ATHLETE_0639,2f7d355c-c920-45a4-b373-d2e494551f04,P-5EA82E19,High School
ATHLETE_0640,c38dfc0e-3ec3-46ea-9056-3d1c1a9c54c1,P-392D33F5,High School
ATHLETE_0641,d34f6c2b-455e-45ac-a068-2febc226bf4e,P-FFC2CF66,High School
ATHLETE_0642,eb2fbfe2-fb8c-43f8-b6ec-e9131636d64d,P-28BAA6DE,High School
ATHLETE_0643,01e3dc73-034a-439c-a3e0-6a815197c02f,P-CEBE7821,High School
ATHLETE_0644,03b62246-3758-438c-a654-d8eee68b6553,P-AC06638A,High School
ATHLETE_0645,7c95082c-e335-4950-99f9-b4a668cd6b1e,P-B72822BC,High School
ATHLETE_0646,9535d07c-5d67-4cc9-b5b8-4dae7ef7e319,P-38C99513,High School
ATHLETE_0647,ab2591b4-45fb-4def-8811-fd4ec4dc018a,P-6292BED6,High School
ATHLETE_0648,cd68630a-4131-423e-9fcf-dfdd8142f9b7,P-FFE0D186,High School
ATHLETE_0649,dcc12dab-fa93-49e6-9215-37c5c8f39a22,P-6CDED83B,High School
ATHLETE_0650,24c1545f-2a75-46dd-a688-aaa9c1bd2e6f,P-41A11A80,High School
ATHLETE_0651,28c968a5-e8de-4ad0-b712-421db00aa2fa,P-502159D0,High School
ATHLETE_0652,90f89637-05e1-4422-8b86-eeac99d8a0b8,P-E28356C3,High School
ATHLETE_0653,ab16c44c-23dd-4af2-b9bf-0520f60e3727,P-28A9422D,High School
ATHLETE_0654,259c7e3c-d2d7-4532-ad20-dda5dda780e4,P-7BBBD377,High School
ATHLETE_0655,b8aa5dcc-a519-4e61-90b2-46524c7549e2,P-4F210D54,High School
ATHLETE_0656,e1a44c2d-2f7c-479a-8adb-3026c5bbccd4,P-7ECF686E,High School
ATHLETE_0657,ea84f8d8-6759-42ff-ab1a-1840c5668359,P-71D55E01,High School
ATHLETE_0658,fc1e0155-922e-45df-8d2d-5086d4eba583,P-1A438D1A,High School
ATHLETE_0659,2148785e-bac0-47c9-b5e2-0f2ef883fa7f,P-AABEDA76,High School
ATHLETE_0660,3171efea-1713-4089-bb9e-27a603f3d2ae,P-5B9DD33F,High School
ATHLETE_0661,3bc5ee98-a0e8-4d95-87f1-099a40f5ae12,P-3284E186,High School
ATHLETE_0662,5353f95e-ce4b-4a7b-833c-28cf80b2d41b,P-2A363815,High School
ATHLETE_0663,5f81fb1d-5514-4046-9533-b9cf6b6d8ab2,P-C0550AA4,High School
ATHLETE_0664,82b84b27-b40a-4d66-bd23-3a59e3705efe,P-47C66B9C,High School
ATHLETE_0665,9ab613e7-fdd9-4ae7-bbd1-aa322babfefc,P-30C33CC4,High School
ATHLETE_0666,b955fde9-f80e-4e1c-afcf-a4eb19ef9b6e,P-37AE5F81,High School
ATHLETE_0667,bdcd031e-4d0e-4deb-8c36-1e189acf457a,P-8BB13DD3,High School
ATHLETE_0668,333e4b78-750d-4f21-bf92-95ec9dba0805,P-60B8ECBF,High School
ATHLETE_0669,f073c052-8e40-4a57-8c1a-df655fa0104f,P-329824FF,High School
ATHLETE_0670,1cd7a362-7c08-45ab-84ad-36d91e4397bb,P-224FFF24,High School
ATHLETE_0671,0e7dd4b3-51f3-4d42-8eb9-64b59704850d,P-3DDF786C,High School
ATHLETE_0672,0fe781bf-2f44-4b0e-af16-4f753becc886,P-70A9D39D,High School
ATHLETE_0673,484251db-af8e-409f-8a5e-8f99e6947704,P-808C5269,High School
ATHLETE_0674,f5b35680-8e5c-479b-8ef5-7eeba62ef5ec,P-36FC4D3D,High School
ATHLETE_0675,1d8d1e61-024b-4eaa-8dd3-35202ca77318,P-6631F33F,High School
ATHLETE_0676,4cc268db-8f1c-4cc2-8f16-b24cfa53c109,P-F9626D98,High School
ATHLETE_0677,8625b846-37af-491c-8375-0403ae7991aa,P-04B4D22A,High School
ATHLETE_0678,932e9341-6f9d-4f76-91ea-cdd162c0a488,P-C7B1C688,High School
ATHLETE_0679,a53c1564-5528-4218-92b3-fd7263da24dc,P-ADB342D6,High School
ATHLETE_0680,6d1e2fda-8fba-4a27-a288-a04217149a93,P-ABD73ECD,High School
ATHLETE_0681,3c11374d-2a50-4bc9-bd10-7519ceb1a6b5,P-4F6511AB,High School
ATHLETE_0682,6f386d1f-1093-42ba-85e5-1c96b4ccfd7c,P-56C9A851,High School
ATHLETE_0683,1c7f70e1-2fc7-4397-9215-ce210ada2f3a,P-697676DA,High School
ATHLETE_0684,c235dd9c-3292-428f-af2e-3530a85d8c5b,P-7D0BD7C6,High School
ATHLETE_0685,1d534b2d-7df5-4b8d-9bfb-63088378a1be,P-764B3EED,High School
ATHLETE_0686,2951f13b-2d23-46be-9add-43f6081e5624,P-34D9572F,High School
ATHLETE_0687,b3f85c7b-9ee6-463e-bcb1-7cca8884e946,P-85037FEB,High School
ATHLETE_0688,f3953a3f-e376-47e4-9d3d-2c714cf3bf48,P-F37D956B,High School
ATHLETE_0689,293a3548-cfa7-45af-a987-1b73a84eb3f6,P-CD2BFB4F,High School
ATHLETE_0690,a0b08990-9cd6-4b40-874a-3c64b30d1627,P-30A6989A,High School
ATHLETE_0691,10e81ca1-9ed2-45a6-ac46-ea177e5ace5d,P-1F73CB0C,High School
ATHLETE_0692,5161fb3e-ede8-40c3-a0c7-ec995691a93f,P-92D37776,High School
ATHLETE_0693,5e3ee836-6145-44af-8afc-83d42721e506,P-4CC2E10C,High School
ATHLETE_0694,f0f2efd3-cd87-4a61-b81a-287998239c8c,P-0C19908D,High School
ATHLETE_0695,3e30a443-851e-4e3d-86a3-ff23ee278e28,P-E8B8816C,High School
ATHLETE_0696,dc2ac6fe-6065-41ae-babd-bec61c54277d,P-5DECA061,High School
ATHLETE_0697,0b7344f9-01de-44de-bc19-6a8e11be8a32,P-ED038FD7,High School
ATHLETE_0698,50185ca1-c991-40f9-855f-70aaa263f13a,P-D4AEA191,High School
ATHLETE_0699,6f6adf6f-5132-4cf0-847b-5114f93f9ace,P-4B2DC9BE,High School
ATHLETE_0700,54f1387d-a4b0-471e-a855-1bb78b3e85f5,P-83419763,High School
ATHLETE_0701,46bcab4a-a415-4e49-9554-06be63cf8937,P-CE5603A2,High School
ATHLETE_0702,8663c08f-a037-411b-b330-e7d728e5c9d6,P-65F66157,High School
ATHLETE_0703,7bf7bced-a982-4987-be1a-4fbf2a4ab68c,P-E3CC46D2,High School
ATHLETE_0704,acce100e-a635-4425-80ac-2ea8584adf24,P-A4BF5F1D,High School
ATHLETE_0705,f8ba6e50-62f3-4852-9465-5e5ec58e979b,P-73A523F4,High School
ATHLETE_0706,3877ac76-e798-4a81-a1cb-ab0622fce3f1,P-63D66860,High School
ATHLETE_0707,70047508-a024-463d-9db6-a9b4df35d4cb,P-93BAE79F,High School
ATHLETE_0708,12905ee2-9d1d-465c-a3da-7d03138fee91,P-870C253A,High School
ATHLETE_0709,9b6e6f15-ca88-4cb1-9214-f59c030b2f16,P-E9B42491,High School
ATHLETE_0710,bc0f1961-d401-407f-b1f0-fc28e8d1e01a,P-FB119AC8,High School
ATHLETE_0711,cce32d27-50f1-402e-ab25-ba3edc747afc,P-352B0B1A,High School
ATHLETE_0712,2cb5fecd-23ed-4d25-9547-194cdca0db68,P-23851F05,High School
ATHLETE_0713,49dce157-8399-49c9-989d-02e2ced2de90,P-595793C4,High School
ATHLETE_0714,b46ec585-9d65-4a58-9b88-00a266d34d63,P-792D8A12,High School
ATHLETE_0715,01ee0b01-001e-4432-90ed-545dbeb4fc8b,P-E0BA43EC,High School
ATHLETE_0716,a888611d-cd1a-4d7f-9712-1119c5f433c5,P-36441106,High School
ATHLETE_0717,c07889a9-0eee-4f1a-9dc0-9071ad80a258,P-1B54F76E,High School
ATHLETE_0718,c20ef36c-cd2b-46df-b5a9-da9a70029de7,P-7C6BB65D,High School
ATHLETE_0719,f846698c-c726-42a7-a5db-effb88806895,P-4BA3AA74,High School
ATHLETE_0720,1f8f6165-f4e0-4a5c-8b17-cefcd7b89a65,P-F20F6578,High School
ATHLETE_0721,2a8acdeb-26f1-42d2-a2fc-b2ec00c07101,P-5741B51D,High School
ATHLETE_0722,345524f6-d9b7-43a0-ace0-289d4891c123,P-2FDD4EFA,High School
ATHLETE_0723,4ef9567c-3bde-482d-a5e2-aef5c697af76,P-618FBCA3,High School
ATHLETE_0724,7c830052-b89f-4797-98b4-48795050361f,P-AC60579C,High School
ATHLETE_0725,8661c103-ad46-4832-aac7-281aaf2a8bfd,P-B4627F27,High School
ATHLETE_0726,8e5d21eb-2e61-44ca-bba7-5386a47d6ad1,P-7B705402,High School
ATHLETE_0727,a2b6b021-1bf5-43b3-be94-acc92766806d,P-6D5C299B,High School
ATHLETE_0728,b3a6b471-cdd8-4362-95f3-b75c80ffca1a,P-8349E97C,High School
ATHLETE_0729,b616a607-ae07-4c33-a41e-ca50b230286e,P-CFE08084,High School
ATHLETE_0730,bdc278a1-6630-4a58-b9b4-798a1084d8f6,P-9F966AF5,High School
ATHLETE_0731,c8769f85-2fb7-4afd-878e-deea772cd001,P-C3AC77E7,High School
ATHLETE_0732,e7eced52-16c8-48e0-8b49-302a0fc691e8,P-22CD1ECF,High School
ATHLETE_0733,14c52b9b-1fa0-43f4-b0cc-8b364062891b,P-0D833FB8,High School
ATHLETE_0734,400ecdf5-8b6b-4e6a-8b99-09580ee302d3,P-D409B7E8,High School
ATHLETE_0735,41c8c983-ea66-46e4-a08d-50d89b763e4c,P-506B6FE2,High School
ATHLETE_0736,4854b74c-d3cc-493b-8fee-f294e9ec48b0,P-B6942244,High School
ATHLETE_0737,4f64200e-e888-4d49-a8aa-5d7736925fc7,P-3BFA0898,High School
ATHLETE_0738,7ef74f25-1eb1-49de-9ce2-e378c7d5c36f,P-0F1DA22A,High School
ATHLETE_0739,a1cfe1b7-9464-4bb1-9444-19502ecad2e4,P-C31386E0,High School
ATHLETE_0740,fedefbb4-167b-42c0-bfc7-a22c661afb1d,P-73CA237C,High School
ATHLETE_0741,14afd9ce-48e0-4a2f-936c-32f21489f8be,P-31D12D6E,High School
ATHLETE_0742,ca84654a-d51b-406f-a3ac-945470f64260,P-A6443CD4,High School
ATHLETE_0743,71a52136-caa3-4f03-9b00-6affdcbf99ca,P-DA63DCA3,High School
ATHLETE_0744,87f3c877-ad06-48ee-9c6a-38470c46356d,P-EA247BD1,High School
ATHLETE_0745,93d2b24d-3c68-4736-bc37-f3a83cea7a51,P-E8AAE29A,High School
ATHLETE_0746,5e639fb9-4889-4c34-8468-266b2fee75a3,P-5EBE0067,High School
ATHLETE_0747,7758669c-fad9-433a-bbab-cec6149dd8d9,P-D6B61055,High School
ATHLETE_0748,b87d6077-4130-4434-9079-ead3177c6003,P-90FA00BF,High School
ATHLETE_0749,ce3d3e45-c7ae-4187-b83d-eca9d7eceacf,P-40E58115,High School
ATHLETE_0750,ceaf0727-74fc-45a1-93ad-85ecc2776312,P-8CE90D0C,High School
ATHLETE_0751,a97a18af-94c0-4c92-86d1-c7c001a62c26,P-F2693AA2,High School
ATHLETE_0752,190c20a2-1536-4dbf-a3b9-0f995919345b,P-5471A702,High School
ATHLETE_0753,376ec39f-ff1a-4081-b714-9bd549b988df,P-A42C6154,High School
ATHLETE_0754,f1feddb3-f5c1-4498-b72c-74a807d2fac7,P-4BD9E5BD,High School
ATHLETE_0755,11b32aca-eecc-411a-b514-7c0238732b27,P-6C47BD41,High School
ATHLETE_0756,16b00776-8d9e-4b90-bc07-30c9c29231b0,P-878D9001,High School
ATHLETE_0757,eda80943-7453-4dfb-b4ed-c4566a632997,P-265825A1,High School
ATHLETE_0758,c0c0b1f5-b353-4244-a9b3-e74e0d31f576,P-F72206F3,High School
ATHLETE_0759,f43dc09e-5869-4289-a536-6bad2276f7b3,P-3E27235C,High School
ATHLETE_0760,0d12e096-c5fe-43ab-a59b-f336490b53c1,P-582D5C78,High School
ATHLETE_0761,43a31a4a-b78f-4592-9e7c-51fe7127bd44,P-BA2CC5EB,High School
ATHLETE_0762,0743e045-328c-49ad-a2a8-a9cacc665b14,P-DE6132DC,High School
ATHLETE_0763,527d8042-1574-450a-abc2-372cac70f48d,P-A55F307C,High School
ATHLETE_0764,61147b1a-58b1-4595-87c5-f43ccc0dbb81,P-71550C9B,High School
ATHLETE_0765,4fbbb122-b203-4263-b645-d8fdf42ab3a8,P-2CA93111,High School
ATHLETE_0766,853a0f2c-78be-4ba9-be39-18d6c6b98593,P-4F02233B,High School
ATHLETE_0767,c0e73039-9d2a-4427-89f2-fb08fdbb384e,P-CF0F01B7,High School
ATHLETE_0768,48341dc0-e6b0-4800-af91-2fcb1c8381b1,P-BD1396C1,High School
ATHLETE_0769,533d83d4-741f-4e58-9543-24d87ba480ec,P-1C2578B2,High School
ATHLETE_0770,845a0577-d7ea-4ff8-81ab-54d351076dbe,P-8D39F29B,High School
ATHLETE_0771,c8c10c97-02ad-448b-a5f5-7114959e5c50,P-B871047F,High School
ATHLETE_0772,f66bdd29-1c3a-4709-85a9-67162116b1e6,P-9CEBF499,High School
ATHLETE_0773,f7ae8f18-8ddd-4f41-8399-40db8ce513d4,P-2CD3C027,High School
ATHLETE_0774,ad291615-a5d0-45f6-a9dc-5299b0d9b62b,P-D7AB96A4,High School
ATHLETE_0775,c452693b-05ed-4a1a-8d5a-cb1c1d32da49,P-E2971AE0,High School
ATHLETE_0776,b4d3aa15-3e83-4236-a118-59caca2eb55f,P-56649D33,High School
ATHLETE_0777,ae7af9e5-4006-4ebd-be73-1bb1ea07a211,P-756C33E4,High School
ATHLETE_0778,b763cfa5-16be-4de4-87b4-1b83cba8128d,P-863B3970,High School
ATHLETE_0779,2d404e63-0133-4a2e-9893-166d4c4b0a2b,P-141DA39A,High School
ATHLETE_0780,035e8a20-9ca0-4b92-b53f-547c8e41119f,P-3A2FDD03,High School
ATHLETE_0781,3be95c28-8625-425c-8010-5df89b01eacb,P-2657064B,High School
ATHLETE_0782,c354e4ff-d740-4600-86a9-a9a479b1e6bc,P-EBF2AF37,High School
ATHLETE_0783,5d3cd11e-491a-447d-9f10-7708d55c469b,P-FB32EA55,High School
ATHLETE_0784,a675587c-ff58-4456-9682-a54b4a4a5092,P-327EBEB9,High School
ATHLETE_0785,fd0c5e9c-5d86-4f5e-acc3-9b324aa47c56,P-D3F94320,High School
ATHLETE_0786,59596e0f-5bf1-49d4-8d88-78f52b323adc,P-5326E1B0,High School
ATHLETE_0787,75483867-2072-41fc-8f9c-6e52a78cee66,P-47DD1722,High School
ATHLETE_0788,e8116d12-4805-47f9-8f34-6d5ae7218412,P-409BA147,High School
ATHLETE_0789,a455d4c4-84b0-48f6-bccc-ea5311d4d991,P-8FAC1D51,High School
ATHLETE_0790,1911cf02-13fc-4593-9007-cbcbe5af14c4,P-6A2A6B05,High School
ATHLETE_0791,1dca7a66-4105-40cf-88b0-509d7e7faa1b,P-E4DF142B,High School
ATHLETE_0792,86d1acdd-a72b-4b98-95b3-6b48c7aa07c9,P-A7C1E3AC,High School
ATHLETE_0793,9fa0287b-680b-4114-9b05-5934ee18659a,P-FDE72D1B,High School
ATHLETE_0794,eabd792d-8041-4066-af05-8f16f6d4d96b,P-B9E8E6FF,High School
ATHLETE_0795,97ab5c51-d108-4107-b9c4-99dc900b83de,P-A0A40FEC,High School
ATHLETE_0796,4bcfce83-2378-4594-9112-f80a7c6704de,P-6C34E81E,High School
ATHLETE_0797,f9791bd7-3f6f-460b-936e-f84917c29550,P-35A51E84,High School
ATHLETE_0798,de2668c3-1075-48af-b209-9be974ccd8e9,P-A11D4191,High School
ATHLETE_0799,014119d9-5e6c-448c-abd3-06b399cd8684,P-EAF8677C,High School
ATHLETE_0800,0cf500b2-bd7e-4a69-a408-135db6e662be,P-A0C50AEA,High School
ATHLETE_0801,c6484f1d-b104-4b68-8d0d-b41f2e785640,P-60F5BF91,High School
ATHLETE_0802,14373c35-0cb9-4236-9f93-f357b7cd7870,P-0087EFD2,High School
ATHLETE_0803,683b7446-994c-46ab-9d81-70a40d752799,P-49C45B48,High School
ATHLETE_0804,b431ca17-0e28-4ea3-bbfa-f38edde0002b,P-CC7184B6,High School
ATHLETE_0805,03712d8f-ce59-4998-bfb5-1cd65d431500,P-0D11EEE8,High School
ATHLETE_0806,0de3f69b-1584-4e59-9e87-0591509a2811,P-EAC661C2,High School
ATHLETE_0807,cfd35628-2ee6-444b-84fe-d42a4878df54,P-C935C52C,High School
ATHLETE_0808,d861d40f-5a2b-47c2-b706-4dc0df97c575,P-D3239181,High School
ATHLETE_0809,53c4a049-a9a7-4719-84cb-0be342f1f0cf,P-297C3334,High School
ATHLETE_0810,e4c911de-d467-4bfc-9819-0ad3a3b11dac,P-C547A538,High School
ATHLETE_0811,ed388c86-9f88-4409-b005-e766e0968605,P-C12A4139,High School
ATHLETE_0812,fe5d2a1c-83c7-49e4-934b-96fb4f74a6fa,P-2E04BA0F,High School
ATHLETE_0813,18532b11-47fa-4776-be47-5f882eca6cf2,P-EEFF03CB,High School
ATHLETE_0814,59bff19c-cf65-4f2d-b1e3-650db0e5fc3a,P-957F4E24,High School
ATHLETE_0815,6ac64de0-d9f8-4cd4-b18f-f433c80481c0,P-CA820BFB,High School
ATHLETE_0816,804415cb-d2b9-4b54-b048-5532044ce9ee,P-2AD128D2,High School
ATHLETE_0817,cf8cf72d-0521-4698-b9a2-1e1b20272284,P-103F81F5,High School
ATHLETE_0818,9b2248e3-3250-4304-9f66-f56863863267,P-430F6E84,High School
ATHLETE_0819,d58a6bbd-2bce-4042-983d-741911fd7592,P-3C63E148,High School
ATHLETE_0820,137df478-4e23-478e-9cdd-ddea34b5fa2b,P-5B3B0922,High School
ATHLETE_0821,2e693978-e444-494c-9979-f5c5b22f3c32,P-B9A4D546,High School
ATHLETE_0822,3707d42a-6040-45b6-8e1e-f3dd3f53db9e,P-FFB5585A,High School
ATHLETE_0823,3a7c3562-c9d2-4225-ba78-a7a87980cdaa,P-F6E7E898,High School
ATHLETE_0824,630b9b21-0c60-493d-b327-2d280ee12ca7,P-97DAC30E,High School
ATHLETE_0825,ab112945-34fb-447b-a215-e57362badfe3,P-4596D18C,High School
ATHLETE_0826,bba6376b-d427-469a-99f2-162fd01d7377,P-4317F1FD,High School
ATHLETE_0827,dc7439b0-e8a6-4394-891a-c2f8075587a5,P-285665BE,High School
ATHLETE_0828,5dd46c3a-30a2-4b21-a238-28924f90e39c,P-EB38F752,High School
ATHLETE_0829,63923035-d1ad-4436-a290-92d540a09f1f,P-D148C65D,High School
ATHLETE_0830,6f05d8d0-910a-40a1-b296-700ece5ea10b,P-A02C091C,High School
ATHLETE_0831,8cdb99eb-82e5-4920-aa1b-0611209461b6,P-08313D64,High School
ATHLETE_0832,bc428f82-59e7-4d11-8cf5-79b443afbcfb,P-1B89672A,High School
ATHLETE_0833,bef1c4ae-5049-4f4b-8059-461711605ab8,P-2A9CC802,High School
ATHLETE_0834,c6f0789b-208f-4fdc-a29c-26238eb547da,P-A72E272F,High School
ATHLETE_0835,f49f90e4-818c-4bc4-a8d1-794d967b7fd1,P-531FB2EA,High School
ATHLETE_0836,08bd8731-1fdf-4c08-9757-d3315393bf9c,P-978262CC,High School
ATHLETE_0837,4fcac297-14d5-44ef-b089-b02973a7bd38,P-BF3CDB61,High School
ATHLETE_0838,7d1b22c0-ab72-40aa-860e-16d7e3a62679,P-11FC72B4,High School
ATHLETE_0839,a6fff9d1-ad7f-4295-a637-7c6a7bae3843,P-84165A25,High School
ATHLETE_0840,8e5c4c48-a8ca-485a-81ae-7e78712a1a01,P-312228E1,High School
ATHLETE_0841,9d1983bc-83ec-45cc-b70c-886f681f6636,P-89ED4C3B,High School
ATHLETE_0842,57dff87c-cecf-4328-80fd-8ba74ee312a8,P-203A8942,High School
ATHLETE_0843,75ba299e-c282-487b-8a4f-9c6801bb4490,P-CCE5995D,High School
ATHLETE_0844,9009d2e3-9d26-4be8-99db-efe2ad5efe95,P-3242CBF6,High School
ATHLETE_0845,c857c4a3-72b8-44c4-aa97-22be06fa5349,P-7CD82E91,High School
ATHLETE_0846,d4568e9f-ad06-4f92-b326-d8a7b17a53fc,P-89BD35E6,High School
ATHLETE_0847,4bc89da6-bb7e-4b68-8c98-028581ca4045,P-CB3B5D1B,High School
ATHLETE_0848,57336b01-1b42-4708-82ba-69bc0a234b47,P-1A04D35D,High School
ATHLETE_0849,66fb048b-d77b-4191-9f13-44b5a59f069c,P-5230E31E,High School
ATHLETE_0850,6dd49c64-716b-417e-822c-ea469fc90688,P-E770876D,High School
ATHLETE_0851,8a578fca-6c2b-4822-93ef-6f1a39685e5b,P-5B2A04DE,High School
ATHLETE_0852,8b798484-a885-49ce-a1f6-c1a92cb8b7a4,P-54ADBD5B,High School
ATHLETE_0853,bba7326d-6745-4967-9fde-7501c28b6386,P-934A195D,High School
ATHLETE_0854,a2cb85bf-d6f4-4f09-9222-5458c14a2878,P-94F891DE,High School
ATHLETE_0855,4154be08-c166-452b-932f-08caca161cab,P-90319AB6,High School
ATHLETE_0856,a142de38-ba85-4b34-b968-d26e43cb877a,P-2C382E32,High School
ATHLETE_0857,716c3e7c-c004-4b44-968a-70c279b3cabe,P-137FB536,High School
ATHLETE_0858,21af08d7-4400-496e-b467-cdd0217bc56e,P-C8F5307F,High School
ATHLETE_0859,611ac51f-5abe-4fa9-8500-d6bb3cbaab13,P-BFAC1CE6,High School
ATHLETE_0860,64be1002-b105-4c53-b32c-2af8fc4920d3,P-50A82DB9,High School
ATHLETE_0861,b10bae87-b6a1-40a7-b987-7c0c7af13570,P-C4B75F73,High School
ATHLETE_0862,f857d72a-a999-4244-8be7-92eef76c204a,P-70E67B79,High School
ATHLETE_0863,0027d802-7c99-43c1-8331-c5910625accf,P-3840F102,High School
ATHLETE_0864,7cd4ed9f-9968-45e7-882d-aabf8f9941f4,P-96DD69A4,High School
ATHLETE_0865,7eb26210-e77c-4a8b-ba70-e1257588ca7a,P-F0EFEA2E,High School
ATHLETE_0866,01775db2-634f-4e0f-b9d2-432e8628e143,P-C5099513,High School
ATHLETE_0867,27c87391-a8b9-4e59-8e71-25c84a472799,P-29018BF6,High School
ATHLETE_0868,396f861e-cb78-4f8c-ab20-3d382c2b1fe7,P-F73A2841,High School
ATHLETE_0869,3f78722b-39b7-47c8-93f7-0ba270a8f633,P-6910EB22,High School
ATHLETE_0870,48e319da-8ffa-454d-8026-cd071245cbb3,P-F9ECF348,High School
ATHLETE_0871,c4ebcad6-26a4-4d1a-9f28-07148925dafb,P-1EDFF240,High School
ATHLETE_0872,ebacba6a-cce3-46f5-a78f-12f98e9104ee,P-510F4403,High School
ATHLETE_0873,1056cb43-1e61-4132-ae7a-154e42183a21,P-D7519169,High School
ATHLETE_0874,0d9618af-63e2-4720-9ff4-9aca84d89ec0,P-397956D9,High School
ATHLETE_0875,83cde19b-3afe-4341-a24e-b05866e57f9d,P-A17591C9,High School
ATHLETE_0876,5d5e68c1-edb0-44c9-ad69-85c4540a94c4,P-2DA33489,High School
ATHLETE_0877,670eeda9-effe-49e1-abce-34a9c447705b,P-F7B0DF7E,High School
ATHLETE_0878,8bc5ff1a-761b-4d02-8ef3-5d86364b3c5b,P-42631E20,High School
ATHLETE_0879,be91e544-33b8-4ecd-9bec-e406b5917022,P-E5078BAE,High School
ATHLETE_0880,ea6d04e1-7962-424d-bc54-081408a24d6e,P-9E6C6929,High School
ATHLETE_0881,faa86e27-1a73-465e-b3ba-5904c81ab0b1,P-432794FF,High School
ATHLETE_0882,02ab4067-0557-4a7c-bef1-86a069bf8e14,P-F010F223,High School
ATHLETE_0883,808ebc03-46d7-45ba-8e38-c1117024b832,P-361B5215,High School
ATHLETE_0884,044f9ac0-2fd4-42c3-99bd-f91ec599bda5,P-E1EE1DD8,High School
ATHLETE_0885,dfa4539a-111b-413e-b4d8-58c1123f6c4c,P-17A7512F,High School
ATHLETE_0886,6ff87226-0a82-47a5-aa7b-34b5b32a5255,P-7F4126D8,High School
ATHLETE_0887,91595d7d-ebfd-44b5-bb9c-20e6c20d8976,P-D231C806,High School
ATHLETE_0888,3bfd494b-72ac-4a98-a5b3-6dd3049595db,P-CD7F4728,High School
ATHLETE_0889,7277abc4-50e4-4292-9431-f73818e2e6ce,P-7F667BEC,High School
ATHLETE_0890,c42061f3-d752-4823-8700-895c8f38488d,P-9EEE0AC7,High School
ATHLETE_0891,0188853b-6514-44dc-937e-dcc232f02f8c,P-F38B8E4D,High School
ATHLETE_0892,049c4916-14a1-4fba-b1eb-ed9faa53a2ee,P-1AE7FDB1,High School
ATHLETE_0893,2d25effd-d995-453c-9cc5-b0aace039239,P-7A127EC8,High School
ATHLETE_0894,3a0e06f2-3f38-4935-8342-140c6b2a651c,P-6E02B70A,High School
ATHLETE_0895,4ca6a581-94fa-4691-8a7f-fa07da079d27,P-0BF5B8E8,High School
ATHLETE_0896,9360079f-bdc7-4e87-996a-2859c255c475,P-8BC8FF8B,High School
ATHLETE_0897,a97b12fe-f035-40c6-9f53-1c0e770bbc10,P-46DE7B98,High School
ATHLETE_0898,ce2927b1-c3dd-4e05-8c83-8b501d274a92,P-74E245C7,High School
ATHLETE_0899,cc0d2e5e-a032-426f-aa44-a5c3d4b2304e,P-D832C467,High School
ATHLETE_0900,49a4ff72-80e7-4382-88d6-fc19d4e97586,P-9C52AEDF,High School
ATHLETE_0901,764fce82-12fe-451c-b4a9-ef01a27059d1,P-EDE11C4D,High School
ATHLETE_0902,8d8d90e8-4f56-43c3-87b0-ba8b4ecf4d9f,P-E3439145,High School
ATHLETE_0903,11e88e97-ec1a-45c0-a2b0-1a46ef6e66a1,P-97B4C64A,High School
ATHLETE_0904,173fa304-c7c9-4c11-83d1-1c9c579eaec5,P-133BE3ED,High School
ATHLETE_0905,50af5d9c-6361-4fbd-96a5-a92cb32b0bf4,P-D8882B11,High School
ATHLETE_0906,5d7af5db-ad63-493e-80c7-9146fe9f4823,P-F5DCED28,High School
ATHLETE_0907,9e7617f1-602e-4d51-9ef6-3e19ab0dccc2,P-3B5BEE68,High School
ATHLETE_0908,b7de5276-5620-4976-bee2-90ac5eb0e524,P-C4A601F4,High School
ATHLETE_0909,d761199e-f319-464b-b9fa-2111004afa88,P-41572300,High School
ATHLETE_0910,f732a203-00fc-4ac6-8e5d-76afacf2e139,P-AC7C3929,High School
ATHLETE_0911,96bd94ff-3c83-4dc5-a2b9-1a6a615f5b59,P-CFE77A57,High School
ATHLETE_0912,5d678882-8a15-4985-be3c-f68cb2387b7a,P-5B067C1E,High School
ATHLETE_0913,65678238-1e63-4987-870e-cfa273827473,P-1B921ADC,High School
ATHLETE_0914,ce751f2c-3b8d-4d97-9160-12685762e88d,P-5630FCD5,High School
ATHLETE_0915,db21bd3e-c424-40d1-b735-5ef286d57aa6,P-FB2114A3,High School
ATHLETE_0916,18a96185-3b26-4de1-bb2a-777fba163b3e,P-15CC0500,High School
ATHLETE_0917,4023f4bd-2367-4bb3-9927-f30fdac18e7b,P-45B1CA3F,High School
ATHLETE_0918,56723e96-53ca-4eb5-b51e-045aef2c021b,P-911C9C7A,High School
ATHLETE_0919,4174cb69-020b-4b20-9d2e-a29616587c6d,P-E471F313,High School
ATHLETE_0920,de36005b-ffa6-4247-aaec-60d67664f393,P-30E574EF,High School
ATHLETE_0921,c90032bc-fbcb-4baf-a1a8-a503326c7e99,P-9C143052,High School
ATHLETE_0922,ed39c18e-aa81-44f8-bebe-ba3c086e8140,P-B1E4C1D9,High School
ATHLETE_0923,7bc70d53-12af-455e-97bc-242983c180c5,P-8614423E,High School
ATHLETE_0924,be523ce0-14e3-4e5f-a9a7-c81d8eec4d17,P-B0B5700B,High School
ATHLETE_0925,167445fe-fb5f-4dbb-b0bd-3fe90cf47c14,P-C98EAA19,High School
ATHLETE_0926,3048c70f-77ce-4ec1-a2f6-776256176b51,P-AE849E47,High School
ATHLETE_0927,4ac8a49d-6ebd-4d35-8831-2d318be9dc07,P-49DCA0ED,High School
ATHLETE_0928,51fca2ef-9e9f-42bd-b8e0-ac76b0ed5b75,P-B2C9F09F,High School
ATHLETE_0929,61c6f7c9-174e-4b5f-b996-e40fd5574f39,P-843BAF07,High School
ATHLETE_0930,807f04ab-27be-468b-a3fc-7141ec64ddf2,P-D74B5F52,High School
ATHLETE_0931,eb61e480-fe02-46a4-aef2-875338548e1b,P-F6D7B846,High School
ATHLETE_0932,e24252d3-08bf-4cb8-9629-3ffd8e67a14d,P-50F071CC,High School
ATHLETE_0933,fe93b414-4631-4ce7-9294-42ca0302e7d4,P-2D500699,High School
ATHLETE_0934,01ec88fe-dfde-460f-8c3d-a8e98d16ec1b,P-A390095C,High School
ATHLETE_0935,177afb63-cfc7-4e37-b57b-4f077d863f50,P-5C5F6A61,High School
ATHLETE_0936,21399cb0-0349-4c5a-9761-20e569fdf804,P-C6C3617D,High School
ATHLETE_0937,bff52fe4-3595-4522-991a-bb8966c1a996,P-9893D67C,High School
ATHLETE_0938,0f32a9db-87ec-4006-9ccf-70f5230cff65,P-E3B47AC9,High School
ATHLETE_0939,5db22310-ac27-46bc-a348-5ee193e2616f,P-44C0E6D1,High School
ATHLETE_0940,76fc85d4-6f40-4a1e-8c1b-2c1535e8aae0,P-525D0916,High School
ATHLETE_0941,784973c9-6adc-44db-bb56-3a059499d151,P-04913AE7,High School
ATHLETE_0942,a09f04a1-6b11-4f42-bf75-697ae9b9163e,P-CC1EDF01,High School
ATHLETE_0943,a94c5a44-b2a8-4537-9031-aa3aaaa691f8,P-C52D496C,High School
ATHLETE_0944,b706909a-e623-47eb-8c99-a4e67b999b9f,P-D5C9EFCD,High School
ATHLETE_0945,ba04c924-1297-4853-8fed-338d3f4b731a,P-991B89C2,High School
ATHLETE_0946,f93f94e2-3cd0-4ef9-8c9c-f391781741ae,P-F0126D30,High School
ATHLETE_0947,fe2531a4-bb1e-4f19-9f07-ffc1a8f0b845,P-A5FB8B30,High School
ATHLETE_0948,ffdc4604-03bc-49a7-b56f-43dcbb9dd311,P-4F8362A5,High School
ATHLETE_0949,1fecf2e7-91ac-4ac3-be72-9f524a23f934,P-3792342A,High School
ATHLETE_0950,35d0b91b-f9fd-42a7-8332-03d89d69f609,P-31139352,High School
ATHLETE_0951,3d7d5653-55de-447c-a5e2-526594ea2fbc,P-C8C401AF,High School
ATHLETE_0952,8d9c7a13-ae15-4592-a40c-63050a8123c3,P-13BF90E9,High School
ATHLETE_0953,c931a140-8ed2-4edd-a90a-d5ce74774029,P-ADFE0A0C,High School
ATHLETE_0954,f616fdd9-f38d-4e58-aac1-687d6082136c,P-6342737E,High School
ATHLETE_0955,15b8047b-e10b-48d0-a422-a21d02e8cda5,P-2504D5F4,High School
ATHLETE_0956,57755070-9330-4d85-b456-92a33967a585,P-C2F15364,High School
ATHLETE_0957,5bbdc161-cfa7-47f3-b452-ad12d9920957,P-DDEBCA32,High School
ATHLETE_0958,8aba1ae5-2ea7-4bbe-aa72-f1f252c599b7,P-6360D1FD,High School
ATHLETE_0959,8ac4f21c-4024-46ac-a8e5-390c9edbe66c,P-4B933C39,High School
ATHLETE_0960,969f7f22-e20c-4c4f-8412-bb5712463024,P-2AF22AD4,High School
ATHLETE_0961,a84a9728-00c8-48a2-9532-aa67d7a08cdc,P-15A8F954,High School
ATHLETE_0962,0777b82c-d908-4dea-b6a0-e421c568e9b0,P-AE2EED6F,High School
ATHLETE_0963,67f617fb-5605-4441-9f12-1b5d94728dff,P-BC939460,High School
ATHLETE_0964,7a889d88-f603-4e0f-89a2-65226f5a4632,P-BB14E9FE,High School
ATHLETE_0965,b90f7064-9446-4001-a1fb-2230d01aba77,P-53746619,High School
ATHLETE_0966,52f4b6d8-b6a2-431b-a418-af1a0b7bec9c,P-9A024949,High School
ATHLETE_0967,552a2fbc-ccfa-4f3d-8494-76f93dbb69c1,P-1E8DE85D,High School
ATHLETE_0968,55a1fd63-de77-473a-a2e0-066c12734cab,P-E6EC5A17,High School
ATHLETE_0969,81c435dd-5a66-4b18-b9dc-d1ab848979cd,P-046930B0,High School
ATHLETE_0970,b067270f-6c24-4406-84bb-829a6487925f,P-1688FC8E,High School
ATHLETE_0971,d6082623-fd3d-48b7-8bc6-8715c239f263,P-D3ADE5AE,High School
ATHLETE_0972,f2ed087c-aa7d-4cfe-8088-46e88a2999ca,P-F7F259F2,High School
ATHLETE_0973,c1d78559-cbb2-433e-b6a6-80fdec304c68,P-835DF8DA,High School
ATHLETE_0974,06946957-a528-4866-b358-8b40d18bc7fc,P-29FD47B4,High School
ATHLETE_0975,3786e65c-e1d0-40b6-88a0-0097c5e18dea,P-4FF3937F,High School
ATHLETE_0976,96bfb39c-7de2-488b-bd81-5fc26468f3d2,P-0CA8819C,High School
ATHLETE_0977,9c68f627-ba6e-4963-a129-fcd286bf2a2f,P-A31672BE,High School
ATHLETE_0978,b1997867-585b-407c-b479-337734bae3b8,P-7E444819,High School
ATHLETE_0979,24c35eac-a5dc-4bc0-9b32-7055614f4bab,P-77C62630,High School
ATHLETE_0980,2737373a-51f9-4349-801a-0fe177038736,P-356E2808,High School
ATHLETE_0981,58bd2c6c-de10-4ddb-b3d4-076f0b67d0ab,P-BB08B421,High School
ATHLETE_0982,5fd3286c-f75a-4d8f-96c6-16088ce928d9,P-59D63FCA,High School
ATHLETE_0983,939f9d65-29c4-4c1f-9018-5072bfae2f64,P-EFBDDF9A,High School
ATHLETE_0984,9fdb42a7-abbb-4201-bcab-04e553c3e1bb,P-38904E2A,High School
ATHLETE_0985,b56ae77c-018d-4982-ad76-6e562b45b78e,P-6F5FFEFE,High School
ATHLETE_0986,ced19e38-b045-428d-89c1-bbcda94860df,P-CDD580BB,High School
ATHLETE_0987,fc0e0677-9f71-4439-a469-5fae6a57a606,P-70999C4C,High School
ATHLETE_0988,ac50386b-0cf0-40ab-a73d-ef49a5a34285,P-6FD0A9E8,High School
ATHLETE_0989,ce52b120-b88b-42a9-b444-6d5d290c639f,P-BFF4E326,High School
ATHLETE_0990,e66fcfe1-eff0-48fc-b5a7-19caa7b57c60,P-70D241E1,High School
ATHLETE_0991,0a28ff63-6638-411b-bc0a-1b6968b38d40,P-2EE4E7C4,High School
ATHLETE_0992,40decd21-5f25-42a5-8152-28bc82ee5e98,P-FC51D1C8,High School
ATHLETE_0993,8d54883b-a064-486e-811d-9438bf5cf702,P-59590E90,High School
ATHLETE_0994,320aab41-342a-43b5-8fcf-76235cb3afe5,P-21AED2DB,High School
ATHLETE_0995,c050a0c7-6458-4259-ab84-72e5fdce457f,P-13D6BCF8,High School
ATHLETE_0996,c518faea-c76a-4d1c-b73a-7dd1e223487c,P-B16EAC7B,High School
ATHLETE_0997,dd9a7d18-dc42-4190-820d-65735fb9c3bd,P-0E47214F,High School
ATHLETE_0998,eb897cfb-dad9-49ff-a0b5-b827a108c215,P-8DC5230C,High School
ATHLETE_0999,f1236d02-68ec-4f19-b332-f658c336123e,P-102E307D,High School
ATHLETE_1000,0f6de2d5-e34b-45ee-949f-a21e74bd663e,P-D8F53393,High School
ATHLETE_1001,1bffd2d2-30b2-4a75-b5fa-d91e11e6079b,P-B3F6F6E1,High School
ATHLETE_1002,63bf39d6-0e53-41f5-8e31-f6fb62eb39fc,P-2F1554A6,High School
ATHLETE_1003,6f79c5e1-4e09-407b-a6a7-82f6db6df75c,P-3AF11B3D,High School
ATHLETE_1004,ce842954-bc45-4139-b710-207382e504e5,P-C0F70A77,High School
ATHLETE_1005,ddf7f736-b263-40c9-84f8-cd88326e0c50,P-807B22DD,High School
ATHLETE_1006,f18d1f6b-ea09-4182-8aa0-3285b711d1ae,P-E76A3C17,High School
ATHLETE_1007,0276bde8-90c2-46a4-82b4-46921e118be5,P-7006A3F8,High School
ATHLETE_1008,191989e6-2b92-4e21-b276-88fcfdb50cf1,P-A64140E6,High School
ATHLETE_1009,437a5d27-91be-4670-9ea2-2613a60b5ced,P-EC84FE58,High School
ATHLETE_1010,43b93deb-7f0b-42b9-ad37-5b74b21e1cd1,P-134972BC,High School
ATHLETE_1011,4e4abcff-0f2b-417a-b21a-95b96cfacfa2,P-93EAB959,High School
ATHLETE_1012,597657fd-a095-45a8-bf27-5f5b389263a7,P-2A3EA6F3,High School
ATHLETE_1013,75080c8f-d8e9-4a2e-b434-f619d54d5ee4,P-DB8692A1,High School
ATHLETE_1014,874869d7-898a-4e13-8e76-0a1ef21ee943,P-4D10520B,High School
ATHLETE_1015,90fac13d-0072-4bf2-9296-42733b9860dd,P-35FC6A32,High School
ATHLETE_1016,baf54bc2-1d66-479e-acf8-a3aae9a03918,P-DE1D4527,High School
ATHLETE_1017,cd120dee-d1c8-4c3a-9f85-51c754671fc5,P-455B6F44,High School
ATHLETE_1018,d6e9939b-c0c4-4a73-87ff-e756e1c7804a,P-1E7C064C,High School
ATHLETE_1019,e70f9de4-3444-4119-b1f3-d52f3556e272,P-7802BCE8,High School
ATHLETE_1020,d851ea7e-d9a2-4ef1-b9ac-3931bea1b0e6,P-586145C8,High School
ATHLETE_1021,390fdce0-3e50-4068-9b1e-1c5e2a4db602,P-9BD5D17B,High School
ATHLETE_1022,a43f7913-f62f-4c1a-9edf-53489f34cb2c,P-39372CE8,High School
ATHLETE_1023,420a60ea-46ae-4159-bd23-ace4a4463c97,P-0DAE2F73,High School
ATHLETE_1024,080529e9-853d-487d-839f-9747ea89afbc,P-26282E89,High School
ATHLETE_1025,1117338a-348b-4307-82fe-7bbdb9e2b988,P-0659953B,High School
ATHLETE_1026,6790cf8c-4adc-45f7-8cc7-6336a1aa9870,P-FEA74A34,High School
ATHLETE_1027,687d8094-5185-4783-ba5e-a96929b6ee79,P-3C80AF6D,High School
ATHLETE_1028,7e14fc1c-d9a5-4179-83cf-d55d67ef286a,P-7AE82D5D,High School
ATHLETE_1029,88ae03ae-7c95-4638-82eb-d0bd0ba3a7f5,P-1C63348F,High School
ATHLETE_1030,b4e883d0-26c7-4986-a7a9-6d9cafe86c81,P-53BF3F7C,High School
ATHLETE_1031,b7ac975e-d249-46ac-93da-8de63b31ce13,P-DE3051A0,High School
ATHLETE_1032,cb88ccfa-7052-4f5e-a994-dd47a78a07d5,P-C9DC97B0,High School
ATHLETE_1033,5f9b55b1-04ae-4815-be7e-38303dd91333,P-19047110,High School
ATHLETE_1034,69dfdbba-b0bd-4380-8615-f12ad2eadb8d,P-5EDAC512,High School
ATHLETE_1035,88f3db61-0984-4a2a-b73d-4db6a95531ff,P-78952AB9,High School
ATHLETE_1036,8a626f10-07ee-4789-ab80-8be845578c4b,P-04322869,High School
ATHLETE_1037,cae368f2-bf37-4a66-befb-76569c9f3d89,P-95DDD05F,High School
ATHLETE_1038,073674e7-c39c-4c09-9e26-799b59d95737,P-62C3697B,High School
ATHLETE_1039,7bdd6fc6-6a2a-4118-ad1e-a80695ca1772,P-A0409325,High School
ATHLETE_1040,85220b62-9a80-439b-8dd6-6e84356f429b,P-082AB5D6,High School
ATHLETE_1041,b63a2c7e-4ed0-4561-8f31-e7e062aa4a60,P-F463AE24,High School
ATHLETE_1042,bbc7bb19-91e6-48a6-bccb-bb77ceae45bd,P-01F79177,High School
ATHLETE_1043,81a7503e-70d2-4816-bc99-aaa562a224f5,P-63C47FC3,Pro
ATHLETE_1044,a7f5385e-417e-4ce8-9025-2292611fa318,P-DD41ED77,Pro
ATHLETE_1045,f98a7879-4d3f-4de5-ab50-38efc5e131e6,P-CFA969C6,Pro
ATHLETE_1046,af558557-20d9-41ef-8394-7584daefa955,P-63EEEBD1,Pro
ATHLETE_1047,f0196b10-6117-47a2-a258-56914393cdd7,P-A6CF876D,Pro
ATHLETE_1048,84013ce6-8721-42aa-b27f-e05bfd67fa20,P-8B4A15C6,Pro
ATHLETE_1049,7be14792-be47-4f6e-a605-c779d85cb0fe,P-5794DC81,Pro
ATHLETE_1050,25e49842-1c31-46b9-b74e-fcf1d1d2c83f,P-B9841695,Pro
ATHLETE_1051,e1e0fc0f-36f0-4c00-a85f-6230668843b9,P-AB19BACC,Pro
ATHLETE_1052,c199859f-d7ec-4670-a7b5-0dadeebca314,P-8C23E4AD,Pro
ATHLETE_1053,77807806-6004-4a2f-b829-f588050694f0,P-019EFD10,Pro
ATHLETE_1054,3f6e8dc6-1535-47b3-b573-53f8b5b2aabb,P-5C5E23CE,Pro
ATHLETE_1055,dda2a9bf-4ede-4077-b07e-928c440b82f9,P-ECDC4A47,Pro
ATHLETE_1056,a761c1e8-96e0-4b61-9be3-5d72953d392b,P-48E50CBB,Pro
ATHLETE_1057,464e02f3-7e17-49bc-b61c-ee44e20b0338,P-3E8E4BE7,Pro
ATHLETE_1058,7b89bd06-e271-4cc4-9206-26ebe8cafd8a,P-9C169D96,Pro
ATHLETE_1059,6945a975-cdcf-4d49-b8e3-beb089c36fcb,P-C5005713,Pro
ATHLETE_1060,09926ac1-bbe0-4d53-8404-473e14a6a30a,P-D1F268C8,Pro
ATHLETE_1061,e7c4f4e4-a344-47cd-b284-30bc6acbd9cd,P-F82116E1,Pro
ATHLETE_1062,4bc66399-1400-4797-b17e-aa1b2b5adc0c,P-265D28C3,Pro
ATHLETE_1063,184b7930-7cd2-44e7-9bfa-8abc5f0c23da,P-31B05D5A,Pro
ATHLETE_1064,6dded4e1-7078-453b-ad49-fc213196dfe7,P-B8C81C6A,Pro
ATHLETE_1065,6fe52341-5cab-473f-9f38-b615435d5dd9,P-6C756184,Pro
ATHLETE_1066,7f23916e-2026-41b3-ad63-4b5fbddff11e,P-1B1310E8,Pro
ATHLETE_1067,2c296f62-4a7f-4f64-b4ea-67edd5470028,P-E76CE700,Pro
ATHLETE_1068,15481c11-5bb3-4c62-8a18-c0814e86e14c,P-B1DBE034,Pro
ATHLETE_1069,cff18ec1-bc7b-48dc-a8e7-6874e11a5f39,P-4F81874D,Pro
ATHLETE_1070,5c2c6639-f977-4dec-9a9e-8168f6692dec,P-41194576,Pro
ATHLETE_1071,cc5191ee-48bb-4259-8bd6-7e86087b73ef,P-0245018B,Pro
ATHLETE_1072,84042c4e-b9d4-4a54-aaf0-e71cbe6339a5,P-B920E357,Pro
ATHLETE_1073,a7863fd1-ef10-420e-aa9f-597e0f12ec78,P-5DC25521,Pro
ATHLETE_1074,62db832e-c358-49fa-af7f-7a47bdb64f9b,P-ECFB226C,Pro
ATHLETE_1075,dfc0dcaa-d4b2-495c-abfc-91989562d636,P-D7E2FC40,Pro
ATHLETE_1076,a31ca164-1910-49c3-8abb-83555e16da5b,P-8FDF8A89,Pro
ATHLETE_1077,a6c4133b-f239-456e-82f9-c63b2920a041,P-8A57CE2C,Pro
ATHLETE_1078,20f515de-14c1-4049-837b-e1eb39cc9f95,P-71DDE1FA,Pro
ATHLETE_1079,3d9f8e62-b3e0-41fd-84f4-4f98701ebe8a,P-06EB774D,Pro
ATHLETE_1080,a620ef16-6236-4048-929a-95617717cec4,P-21B4DE99,Pro
ATHLETE_1081,6ef9fff4-e2ef-44e0-a065-a18bfe4aef39,P-8649F810,Pro
ATHLETE_1082,70ffd727-f23b-4b7b-b3d9-c969930f862c,P-0A5D6269,Pro
ATHLETE_1083,cae78287-21b4-4d8b-ad30-e94eb1d837e9,P-40A89B22,Pro
ATHLETE_1084,ea41be74-55de-4517-827e-c247e4e9c6ac,P-27AFB154,Pro
ATHLETE_1085,49173f51-22d5-43e8-9a45-b3d7839fcf61,P-9FCEC061,Pro
ATHLETE_1086,e51bba6e-8989-420c-a56e-08355b115107,P-CD975056,Pro
ATHLETE_1087,f229cc18-33d4-44ac-9aba-281f53a00482,P-D4CEF5D4,Pro
ATHLETE_1088,f640e643-46cb-42bf-8139-c88ec7c1443c,P-CF51B97C,Pro
ATHLETE_1089,16703220-8ee2-4137-be46-68739002e882,P-9D3AAD78,Pro
ATHLETE_1090,16c26fd0-47a6-4de3-bd5e-c28ed7d248e5,P-BC71C90D,Pro
ATHLETE_1091,e61145e4-1fcc-4e08-8543-07cc9ac9c527,P-598743B4,Pro
ATHLETE_1092,fe20276e-3252-45c7-8bb7-e6f05dcd75bc,P-295296BD,Pro
ATHLETE_1093,a8ab216c-7454-4e72-a9d8-3103cb0186ed,P-7463F5D5,Pro
ATHLETE_1094,be707829-8fde-4500-853d-5367de18862c,P-5FE97207,Pro
ATHLETE_1095,9152f23d-452b-4eb1-8563-0d971c363c1c,P-D0E21688,Pro
ATHLETE_1096,47a7fe0c-5f0a-410a-881c-47111ecca16a,P-257A87A3,Pro
ATHLETE_1097,ecd97284-067d-433f-b0c7-e12a50782a25,P-54006D45,Pro
ATHLETE_1098,419c4ca5-e47a-48d3-ba16-e30a4c74bf4b,P-381DCE73,Pro
ATHLETE_1099,0f4caa1f-dcf4-4f83-9099-37f0df1cecbb,P-B70AA2A7,Pro
ATHLETE_1100,d5188d2c-35a6-44ea-beed-83b17d772779,P-1E4E2AE5,Pro
ATHLETE_1101,07d20ecb-7bee-4077-b668-b614f6b56f0e,P-67EA50A4,Pro
ATHLETE_1102,ce3528f4-aaf6-404f-800c-a65e3a02cb89,P-A24ED3B2,Pro
ATHLETE_1103,4d7e849c-15bd-41d8-9272-c122c83149b3,P-EB4FFAFA,Pro
ATHLETE_1104,438474b6-82a9-43ff-82ec-799a68ce8e04,P-A6C283F1,Pro
ATHLETE_1105,387e6aeb-e2c2-4ddd-ae3c-ead11a1be26b,P-87E596D9,Pro
ATHLETE_1106,f7febe62-e1cf-4bb4-9b89-fce586b97e9d,P-D72D0539,Pro
ATHLETE_1107,e54a48a8-d468-46a7-b055-bedf0708ea6a,P-33147453,Pro
ATHLETE_1108,2c745a99-008f-463b-bced-7541adc3cd30,P-11409C21,Pro
ATHLETE_1109,82140136-994c-47d8-bcfa-2724f15d72fc,P-719FD62F,Pro
ATHLETE_1110,b2825b65-a592-407a-973e-77b0388d4a7d,P-C7409847,Pro
ATHLETE_1111,3f88319c-a0ef-4270-9fae-3d2f1fdb5221,P-7224C762,Pro
ATHLETE_1112,a538b5e7-d774-4288-8f00-6dea5206c705,P-0204FE12,Pro
ATHLETE_1113,8ecb6721-06ae-4987-a759-a79199e60be3,P-BBBB0AA5,Pro
ATHLETE_1114,4e269193-932b-40be-b60b-7166f247d5af,P-688824DC,Pro
ATHLETE_1115,5e689ad9-e62c-4bba-b9a6-05f15d6cd853,P-90DB4891,Pro
ATHLETE_1116,c551e25a-4974-46bc-bf1d-a131e85fd625,P-2591D4D1,Pro
ATHLETE_1117,11bec420-8814-4e7e-b835-98fcd1750db5,P-DB8FE576,Pro
ATHLETE_1118,9c9e39e4-9ac3-4a71-bb29-7ccfbb7564a6,P-DDA08E0B,Pro
ATHLETE_1119,509b4408-54d1-4591-a541-d401248f8959,P-037E360B,Pro
ATHLETE_1120,e38ee49b-56b9-402e-9500-26034e2f52d1,P-388F569B,Pro
ATHLETE_1121,16a5cd52-6be1-42c8-8700-e55024c20260,P-AFC2FEB6,Pro
ATHLETE_1122,22ce8c43-c93e-4780-841c-376884056e71,P-3A4BCFF7,Pro
ATHLETE_1123,4b5da437-c3fd-465d-9362-2c7d5fac5967,P-561FA5F4,Pro
ATHLETE_1124,2f966a91-bdb4-4be3-8da1-14c6fe8b4b78,P-60B04CF6,Pro
ATHLETE_1125,f58b97ac-c158-4ddd-b2d1-f12b930d2997,P-E2E8558D,Pro
ATHLETE_1126,04312f5d-6523-4ca7-9ffc-aff9af7efdb7,P-9CB05DDA,Pro
ATHLETE_1127,7aa494f6-2d77-44ec-b585-49c3dfe9ef6b,P-A4F2D02D,Pro
ATHLETE_1128,33f6576b-8a53-4297-9bdc-bfb41d00b9bc,P-6F999CAC,Pro
ATHLETE_1129,8007d905-9d7f-43a9-8f92-7e3bd16a8372,P-EE7DA501,Pro
ATHLETE_1130,f8464f40-d24f-444d-bf1d-2f0d36a0c1cd,P-DE1DE2DE,Pro
ATHLETE_1131,c6d8f141-932e-4e01-accf-b528a1195c65,P-AA4408E6,Pro
ATHLETE_1132,f2e9a11f-3be9-4d03-972a-4331986c07a9,P-E9E9B898,Pro
ATHLETE_1133,0b860d59-6b54-4fe4-85ce-07e334acf869,P-60D533B6,Pro
ATHLETE_1134,96409b6a-3e09-42bd-8edf-b54f0d0f072d,P-8286D1C6,Pro
ATHLETE_1135,c9e07bfe-ec09-46d4-83f2-65fa7c766466,P-466D4A22,Pro
ATHLETE_1136,5ce2684a-5685-4817-be7f-4e5096e09214,P-270DE64D,Pro
ATHLETE_1137,5c279055-6575-4ccd-ba85-c5dcd282a4c9,P-D7E2276F,Pro
ATHLETE_1138,bc46b104-a6db-4a6d-ba3e-7778cc670836,P-823E014B,Pro
ATHLETE_1139,b35f4d4e-e0fd-4068-bc5d-2d56ad196662,P-D0F996C9,Pro
ATHLETE_1140,9ed9402d-dabe-4f03-a107-95b9c2795afa,P-07ADEDD5,Pro
ATHLETE_1141,99b53aff-86b0-414b-b96e-9d30221b593d,P-A89321A2,Pro
ATHLETE_1142,608f7b47-65fe-48e3-867a-fd2d22bfcee5,P-DB6EE241,Pro
ATHLETE_1143,03317100-50dd-4ea8-a735-f2eaa92a62b7,P-9550E41A,Pro
ATHLETE_1144,b1320ee6-ff43-4641-9a23-faf00e2a8a7b,P-450E78EB,Pro
ATHLETE_1145,54adab5f-3328-46cf-a79c-3974b48cff25,P-959C033C,Pro
ATHLETE_1146,71a4841c-2a7f-46cd-ae15-f493f01b8ede,P-31D8053D,Pro
ATHLETE_1147,6186d581-9ee3-4cad-a9fe-c7836654c6c8,P-282F9045,Pro
ATHLETE_1148,2e4fdadb-8b13-4e1e-8155-39001c8fe8fa,P-3446C8EB,Pro
ATHLETE_1149,70a3f9ef-a510-4e9e-834a-26eab82f8b3c,P-BB5F68FC,Pro
ATHLETE_1150,85161bc9-d963-42f7-992f-93e8b07b346a,P-BE816E87,Pro
ATHLETE_1151,140dc3e8-992f-4509-88c1-e3cbcce82742,P-6C0A6747,Pro
ATHLETE_1152,a455cd34-aea7-4f38-8ef4-b4711aa9a38b,P-4CBF488E,Pro
ATHLETE_1153,a61ce9df-d1c2-47d0-8580-9b7013d05d9c,P-BAD44A23,Pro
ATHLETE_1154,57e18d88-7b09-4772-bca5-51626c4564b0,P-A0E25ACE,Pro
ATHLETE_1155,d35c2a78-1c0c-4627-89b4-2b672c7a4881,P-7438B4CC,Pro
ATHLETE_1156,b59ab81c-803f-433b-b598-01be4b9018ed,P-5AC33696,Pro
ATHLETE_1157,34f85b49-fd24-4ab8-b48b-c92f0295b845,P-B603E542,Pro
ATHLETE_1158,09b4edb5-27c8-435d-b42a-6cb96614c5a2,P-F84B1D87,Pro
ATHLETE_1159,4e8815d0-a019-4bcc-9c7b-feb0c8b2fae8,P-A159C0CA,Pro
ATHLETE_1160,82adc93a-a285-48c8-9848-3091f70c65c2,P-39FFEDE0,Pro
ATHLETE_1161,f5368341-8f1d-4246-931a-67f6f9b66339,P-3FA7DC8A,Pro
ATHLETE_1162,51bb99f9-7b0b-4796-bc54-a6dc6aa330a6,P-74DECFB9,Pro
